7News,Australia,https://7news.com.au,https://www.google.com/search?q=site:https://7news.com.au+Israel,
ABC Radio Australia,Australia,https://www.abc.net.au/radio-australia,https://www.google.com/search?q=site:https://www.abc.net.au/radio-australia+Israel,
Adelaide Now,Australia,https://www.adelaidenow.com.au,https://www.google.com/search?q=site:https://www.adelaidenow.com.au+Israel,
Australian Broadcasting Corporation (ABC),Australia,https://www.abc.net.au,https://www.google.com/search?q=site:https://www.abc.net.au+Israel,
Australian Financial Review,Australia,https://www.afr.com,https://www.google.com/search?q=site:https://www.afr.com+Israel,
Australian News Channel,Australia,https://www.skynews.com.au,https://www.google.com/search?q=site:https://www.skynews.com.au+Israel,
Bendigo Advertiser,Australia,https://www.bendigoadvertiser.com.au,https://www.google.com/search?q=site:https://www.bendigoadvertiser.com.au+Israel,
Brisbane Times,Australia,https://www.brisbanetimes.com.au,https://www.google.com/search?q=site:https://www.brisbanetimes.com.au+Israel,
Canberra Times,Australia,https://www.canberratimes.com.au,https://www.google.com/search?q=site:https://www.canberratimes.com.au+Israel,
Farm Weekly,Australia,https://www.farmweekly.com.au,https://www.google.com/search?q=site:https://www.farmweekly.com.au+Israel,
Gippsland Times,Australia,https://www.gippslandtimes.com.au,https://www.google.com/search?q=site:https://www.gippslandtimes.com.au+Israel,
Herald Sun,Australia,https://www.heraldsun.com.au,https://www.google.com/search?q=site:https://www.heraldsun.com.au+Israel,
News.com.au,Australia,https://www.news.com.au,https://www.google.com/search?q=site:https://www.news.com.au+Israel,
Nine News,Australia,https://www.9news.com.au,https://www.google.com/search?q=site:https://www.9news.com.au+Israel,
North Queensland Register,Australia,https://www.northqueenslandregister.com.au,https://www.google.com/search?q=site:https://www.northqueenslandregister.com.au+Israel,
North West Star,Australia,https://www.northweststar.com.au,https://www.google.com/search?q=site:https://www.northweststar.com.au+Israel,
Sydney Morning Herald,Australia,https://www.smh.com.au,https://www.google.com/search?q=site:https://www.smh.com.au+Israel,
The Australian,Australia,https://www.theaustralian.com.au,https://www.google.com/search?q=site:https://www.theaustralian.com.au+Israel,
The Sydney Morning Herald,Australia,https://www.smh.com.au,https://www.google.com/search?q=site:https://www.smh.com.au+Israel,
