7News,Australia,https://7news.com.au
A Bola,Portugal,https://www.abola.pt
ABC News,USA,https://abcnews.go.com
ABC Radio Australia,Australia,https://www.abc.net.au/radio-australia
AD (Algemeen Dagblad),Netherlands,https://www.ad.nl
Adelaide Now,Australia,https://www.adelaidenow.com.au
Adnkronos,Italy,https://www.adnkronos.com
Afghan Voice Agency,Afghanistan,http://www.avapress.com
Afghan Voice Agency,Afghanistan,https://www.avapress.com
Africa Intelligence,France,https://www.africaintelligence.com
Africanews,Congo,https://www.africanews.com
Afrique Panorama,Madagascar,https://www.afriquepanorama.com
Aftenposten,Norway,https://www.aftenposten.no
Agence France-Presse (AFP),France,https://www.afp.com
Ahram Hebdo,Egypt,https://hebdo.ahram.org.eg
Ahram Online,Egypt,https://english.ahram.org.eg
Ahram Weekly,Egypt,http://weekly.ahram.org.eg
Al Ain News,UAE,https://al-ain.com
Al Arabiya,Saudi Arabia,https://english.alarabiya.net
Al Bawaba,Jordan,https://www.albawaba.com
Al Jazeera,Qatar,https://www.aljazeera.com
Al Sharq,Saudi Arabia,https://www.al-sharq.com
Al-Ahram,Egypt,https://english.ahram.org.eg
Al-Khaleej,UAE,https://www.alkhaleej.ae
Al-Masry Al-Youm,Egypt,https://www.almasryalyoum.com
Al-Masry Al-Youm,Egypt,https://www.egyptindependent.com
Al-Monitor,USA,https://www.al-monitor.com
Al-Quds Al-Arabi,UK,https://www.alquds.co.uk
Al-Riyadh,Saudi Arabia,https://www.alriyadh.com
Al-Watan,Oman,https://www.alwatan.com
Albayan,UAE,https://www.albayan.ae
Algemeen Dagblad,Netherlands,https://www.ad.nl
Alwasat,Libya,https://alwasat.ly
Ammon News,Jordan,http://en.ammonnews.net
An Nahar,Lebanon,https://www.annahar.com
Anadolu Agency,Turkey,https://www.aa.com.tr
ANSA,Italy,https://www.ansa.it
Antara News,Indonesia,https://en.antaranews.com
Arab News,Saudi Arabia,https://www.arabnews.com
Arab Times,Kuwait,https://www.arabtimesonline.com
Arabian Business,UAE,https://www.arabianbusiness.com
Asharq Al-Awsat,Saudi Arabia,https://english.aawsat.com
Asharq News,Saudi Arabia,https://www.asharq.com
Asia News Network,Singapore,https://www.asianews.network
Asia News,Italy,https://www.asianews.it
Asia Sentinel,Hong Kong,https://www.asiasentinel.com
Asia Times,Hong Kong,https://asiatimes.com
AsiaOne,Singapore,https://www.asiaone.com
Associated Press (AP),USA,https://apnews.com
Aswat Masriya,Egypt,http://aswatmasriya.com
Aswat Masriya,Egypt,https://aswatmasriya.com
Atlanta Journal-Constitution,USA,https://www.ajc.com
Australian Broadcasting Corporation (ABC),Australia,https://www.abc.net.au
Australian Financial Review,Australia,https://www.afr.com
Australian News Channel,Australia,https://www.skynews.com.au
Axios,USA,https://www.axios.com
AzerNews,Azerbaijan,https://www.azernews.az
Azteca Noticias,Mexico,https://www.tvazteca.com
B92,Serbia,http://www.b92.net
B92,Serbia,https://www.b92.net
Balkan Insight,Serbia,https://balkaninsight.com
Baltic News Service,Estonia,https://bns.ee
Bangkok Biz News,Thailand,https://www.bangkokbiznews.com
Bangkok Business News,Thailand,https://www.bangkokbiznews.com
Bangkok Post,Thailand,http://www.bangkokpost.com
Bangkok Post,Thailand,https://www.bangkokpost.com
Bangladesh News 24,Bangladesh,https://bdnews24.com
Bangladesh Observer,Bangladesh,https://www.observerbd.com
Barron's,USA,https://www.barrons.com
Basler Zeitung,Switzerland,https://www.bazonline.ch
Bay Area News Group,USA,https://www.bayareanewsgroup.com
Bay Area Reporter,USA,https://www.ebar.com
BBC Arabic,UK,http://www.bbc.com/arabic
BBC News,UK,https://www.bbc.com
BDNews24,Bangladesh,https://bdnews24.com
Beeld,South Africa,https://www.netwerk24.com/beeld
Beijing Review,China,http://www.bjreview.com.cn
Beijing Review,China,https://www.bjreview.com
Belfast Telegraph,UK,https://www.belfasttelegraph.co.uk
Bendigo Advertiser,Australia,https://www.bendigoadvertiser.com.au
Bergens Tidende,Norway,https://www.bt.no
Berliner Morgenpost,Germany,https://www.morgenpost.de
Berliner Zeitung,Germany,https://www.berliner-zeitung.de
Berlingske,Denmark,https://www.berlingske.dk
Bharat Samachar,India,https://bharatsamacharlive.com
Bianet,Turkey,http://www.bianet.org
Bianet,Turkey,https://bianet.org
BILD,Germany,https://www.bild.de
BizNews,South Africa,https://www.biznews.com
Biznis Polska,Poland,https://www.biznispolska.pl
Black Press,Canada,https://www.blackpress.ca
Black Star News,USA,https://www.blackstarnews.com
Blic,Serbia,https://www.blic.rs
Bloomberg,USA,https://www.bloomberg.com
BloombergQuint,India,http://www.bloombergquint.com
Boston Globe,USA,http://www.bostonglobe.com
Brisbane Times,Australia,https://www.brisbanetimes.com.au
BTV,Bulgaria,https://btvnovinite.bg
Buenos Aires Herald,Argentina,https://buenosairesherald.com
Business Day,Nigeria,https://businessday.ng
Business Day,South Africa,http://www.businessday.co.za
Business Day,South Africa,https://www.businesslive.co.za
Business Ghana,Ghana,https://www.businessghana.com
Business Insider,USA,http://www.businessinsider.com
Business Insider,USA,https://www.businessinsider.com
Business Standard,India,http://www.business-standard.com
Business Standard,India,https://www.business-standard.com
Business Times,Malaysia,https://www.businesstimes.com.sg
Business Today,India,https://www.businesstoday.in
BusinessTech,South Africa,https://businesstech.co.za
Calcalist,Israel,https://www.calcalist.co.il
Cameroon Post,Cameroon,http://www.cameroonpostline.com
Canberra Times,Australia,https://www.canberratimes.com.au
Cape Argus,South Africa,https://www.iol.co.za/capeargus
Cape Times,South Africa,https://www.iol.co.za/capetimes
Capital Ethiopia,Ethiopia,https://www.capitalethiopia.com
Capital,France,https://www.capital.fr
Caracol Radio,Colombia,https://caracol.com.co
Caribbean News Now!,Caribbean,https://www.caribbeannewsnow.com
Catholic News Service,USA,https://www.catholicnews.com
CBC News,Canada,https://www.cbc.ca
CCTV News,China,http://english.cctv.com
Ceylon Today,Sri Lanka,https://www.ceylontoday.lk
Channel 4 News,UK,https://www.channel4.com
Channel NewsAsia (CNA),Singapore,https://www.channelnewsasia.com
Chicago Reader,USA,https://www.chicagoreader.com
Chicago Sun-Times,USA,http://www.suntimes.com
Chicago Tribune,USA,http://www.chicagotribune.com
Chicago Tribune,USA,https://www.chicagotribune.com
China Daily,China,http://www.chinadaily.com.cn
China Economic Net,China,https://en.ce.cn
China Global Television Network (CGTN),China,https://www.cgtn.com
China.org.cn,China,http://www.china.org.cn
Chosun Ilbo,South Korea,http://english.chosun.com
Chosun Ilbo,South Korea,https://english.chosun.com
Chronicle,Zimbabwe,https://www.chronicle.co.zw
City A.M.,UK,https://www.cityam.com
City Press,South Africa,http://www.citypress.co.za
Clarín,Argentina,http://www.clarin.com
Clarín,Argentina,https://www.clarin.com
Clarion Ledger,USA,https://www.clarionledger.com
Cleveland Plain Dealer,USA,https://www.cleveland.com
CNA,Singapore,https://www.channelnewsasia.com
CNBC,USA,http://www.cnbc.com
CNEWS,France,https://www.cnews.fr
CNN International,USA,http://edition.cnn.com
CNN Philippines,Philippines,https://www.cnnphilippines.com
CNN,USA,https://www.cnn.com
Coconuts Media,Thailand,https://coconuts.co
Colombo Page,Sri Lanka,https://www.colombopage.com
Correio Braziliense,Brazil,https://www.correiobraziliense.com.br
Correo,Peru,https://diariocorreo.pe
Corriere della Sera,Italy,https://www.corriere.it
Courrier International,France,https://www.courrierinternational.com
Cricbuzz,India,https://www.cricbuzz.com
Croatian News Agency (HINA),Croatia,http://www.hina.hr
CTV News,Canada,http://www.ctvnews.ca
CTV News,Canada,https://www.ctvnews.ca
Czech News Agency (CTK),Czech Republic,https://www.ceskenoviny.cz
Dagbladet Information,Denmark,https://www.information.dk
Dagbladet,Norway,https://www.dagbladet.no
Dagens Nyheter,Sweden,https://www.dn.se
Daily Dispatch,South Africa,https://www.dispatchlive.co.za
Daily Express,Pakistan,https://www.express.com.pk
Daily Express,UK,http://www.express.co.uk
Daily Express,UK,https://www.express.co.uk
Daily FT,Sri Lanka,http://www.ft.lk
Daily Graphic,Ghana,https://www.graphic.com.gh
Daily Guide,Ghana,http://dailyguideafrica.com
Daily Guide,Ghana,https://www.dailyguideafrica.com
Daily Mail,UK,https://www.dailymail.co.uk
Daily Maverick,South Africa,http://www.dailymaverick.co.za
Daily Maverick,South Africa,https://www.dailymaverick.co.za
Daily Mirror,Sri Lanka,http://www.dailymirror.lk
Daily Mirror,UK,http://www.mirror.co.uk
Daily Mirror,UK,https://www.mirror.co.uk
Daily Monitor,Uganda,https://www.monitor.co.ug
Daily Nation,Kenya,http://www.nation.co.ke
Daily Nation,Kenya,https://www.nation.africa
Daily Nation,Kenya,https://www.nation.co.ke
Daily Nation,Zambia,https://www.dailynationzambia.com
Daily News,Egypt,https://www.dailynewsegypt.com
Daily News,Sri Lanka,https://www.dailynews.lk
Daily Observer,Bangladesh,https://www.observerbd.com
Daily Observer,Gambia,https://observergm.com
Daily Observer,The Gambia,http://www.observer.gm
Daily Post,Nigeria,http://dailypost.ng
Daily Post,Nigeria,https://dailypost.ng
Daily Sabah,Turkey,http://www.dailysabah.com
Daily Sabah,Turkey,https://www.dailysabah.com
Daily Star,Bangladesh,http://www.thedailystar.net
Daily Star,Bangladesh,https://www.thedailystar.net
Daily Star,Lebanon,http://www.dailystar.com.lb
Daily Star,Lebanon,https://www.dailystar.com.lb
Daily Sun,South Africa,https://www.dailysun.co.za
Daily Telegraph,UK,https://www.telegraph.co.uk
Daily Times,Nigeria,https://www.dailytimes.ng
Daily Times,Pakistan,http://www.dailytimes.com.pk
Daily Times,Pakistan,https://dailytimes.com.pk
Daily Trust,Nigeria,https://dailytrust.com
Dawn,Pakistan,http://www.dawn.com
Dawn,Pakistan,https://www.dawn.com
De Standaard,Belgium,https://www.standaard.be
De Telegraaf,Netherlands,https://www.telegraaf.nl
Deccan Chronicle,India,http://www.deccanchronicle.com
Deccan Chronicle,India,https://www.deccanchronicle.com
Deccan Herald,India,https://www.deccanherald.com
Defence News,USA,https://www.defensenews.com
Delo,Slovenia,https://www.delo.si
Democracy Now!,USA,https://www.democracynow.org
Der Spiegel,Germany,http://www.spiegel.de
Der Spiegel,Germany,https://www.spiegel.de
Der Standard,Austria,http://www.derstandard.at
Der Standard,Austria,https://www.derstandard.at
Deutsche Welle (DW),Germany,https://www.dw.com
Deutsche Wirtschafts Nachrichten,Germany,https://www.deutsche-wirtschafts-nachrichten.de
Diário de Notícias,Mozambique,http://www.jornalnoticias.co.mz
Diário de Notícias,Portugal,http://www.dn.pt
Diario de Noticias,Portugal,https://www.dn.pt
Diário de Notícias,Portugal,https://www.dn.pt
Diário do Nordeste,Brazil,https://diariodonordeste.verdesmares.com.br
Diário Económico,Portugal,https://www.jornaleconomico.pt
Die Presse,Austria,http://diepresse.com
Die Presse,Austria,https://www.diepresse.com
Die Welt,Germany,http://www.welt.de
Die Zeit,Germany,https://www.zeit.de
Digital Journal,Canada,http://www.digitaljournal.com
Dnevni Avaz,Bosnia and Herzegovina,https://www.avaz.ba
Dnevnik,Macedonia,http://www.dnevnik.com.mk
Dominican Today,Dominican Republic,https://dominicantoday.com
Dominion Post,New Zealand,https://www.stuff.co.nz/dominion-post
Echorouk Online,Algeria,https://www.echoroukonline.com
Eesti Päevaleht,Estonia,https://www.epl.delfi.ee
Eesti Rahvusringhääling,Estonia,https://news.err.ee
Egypt Independent,Egypt,https://www.egyptindependent.com
Ekonomika i Biznes,Russia,https://www.eibnet.ru
Ekonomika,Latvia,https://www.ekonomika.lv
Ekspres,Serbia,http://www.ekspres.net
Ekstra Bladet,Denmark,http://www.ekstrabladet.dk
Ekstra Bladet,Denmark,https://ekstrabladet.dk
El Comercio,Ecuador,http://www.elcomercio.com
El Comercio,Ecuador,https://www.elcomercio.com
El Comercio,Peru,http://elcomercio.pe
El Comercio,Peru,https://elcomercio.pe
El Correo,Spain,http://www.elcorreo.com
El Espectador,Colombia,http://www.elespectador.com
El Espectador,Colombia,https://www.elespectador.com
El Financiero,Mexico,https://www.elfinanciero.com.mx
El Heraldo,Honduras,https://www.elheraldo.hn
El Mercurio,Chile,https://www.elmercurio.com
El Mundo,Spain,http://www.elmundo.es
El Mundo,Spain,https://www.elmundo.es
El Nacional,Republica Dominicana,http://www.elcaribe.com.do
El Nacional,Republica Dominicana,https://www.elcaribe.com.do
El Nacional,Venezuela,http://www.el-nacional.com
El Nacional,Venezuela,https://www.elnacional.com
El Nuevo Día,Puerto Rico,https://www.elnuevodia.com
El Nuevo Herald,USA,https://www.elnuevoherald.com
El País,Spain,http://elpais.com
El País,Spain,https://www.elpais.com
El Sol de México,Mexico,https://www.elsoldemexico.com.mx
El Tiempo,Colombia,http://www.eltiempo.com
El Tiempo,Colombia,https://www.eltiempo.com
El Universal,Mexico,https://www.eluniversal.com.mx
El Universal,Venezuela,http://www.eluniversal.com
El Universo,Ecuador,http://www.eluniverso.com
Eleven Myanmar,Myanmar,https://elevenmyanmar.com
Emarat Al Youm,UAE,http://www.emaratalyoum.com
Epoch Times,USA,https://www.theepochtimes.com
Estonian Public Broadcasting,Estonia,https://news.err.ee
Eswatini Observer,Eswatini,http://www.observer.org.sz
Etemaad Daily,India,https://www.etemaaddaily.com
Euronews,France,http://www.euronews.com
EuroNews,France,https://www.euronews.com
Europolitics,Belgium,https://europolitics.info
Evening Echo,Ireland,https://www.echolive.ie
Evening Standard,UK,https://www.standard.co.uk
EWN (Eyewitness News),South Africa,https://ewn.co.za
Expressen,Sweden,https://www.expressen.se
Far Eastern Economic Review,China,http://www.feer.com
Farm Weekly,Australia,https://www.farmweekly.com.au
Federal News Network,USA,https://federalnewsnetwork.com
Fiji Sun,Fiji,http://www.fijisun.com.fj
Fiji Times,Fiji,https://www.fijitimes.com
Financial Express,Bangladesh,https://thefinancialexpress.com.bd
Financial Express,India,http://www.financialexpress.com
Financial Express,India,https://www.financialexpress.com
Financial Post,Canada,https://financialpost.com
Financial Times Deutschland,Germany,http://www.ftd.de
Financial Times,UK,http://www.ft.com
Financial Times,UK,https://www.ft.com
First News,UK,https://www.firstnews.co.uk
Firstpost,India,https://www.firstpost.com
Focus Taiwan,Taiwan,http://focustaiwan.tw
Focus Taiwan,Taiwan,https://focustaiwan.tw
Focus,Georgia,https://www.focus.ge
Folha de Maputo,Mozambique,http://www.folhademaputo.co.mz
Folha de S.Paulo,Brazil,http://www.folha.uol.com.br
Folha de S.Paulo,Brazil,https://www1.folha.uol.com.br
Forbes,USA,https://www.forbes.com
Fortune,USA,https://www.fortune.com
Fórum News,Portugal,https://www.forum.pt
Fostira Greece,Greece,https://www.fostiragreeknews.com
Fox News,USA,http://www.foxnews.com
Fox News,USA,https://www.foxnews.com
France 24,France,https://www.france24.com
Franceinfo,France,http://www.francetvinfo.fr
Franceinfo,France,https://www.francetvinfo.fr
Frankfurter Allgemeine Zeitung,Germany,http://www.faz.net
Frankfurter Allgemeine Zeitung,Germany,https://www.faz.net
Frankfurter Neue Presse,Germany,https://www.fnp.de
Frankfurter Rundschau,Germany,https://www.fr.de
Free Malaysia Today,Malaysia,https://www.freemalaysiatoday.com
Freemedia,Azerbaijan,http://www.freemedia.az
Fremont Tribune,USA,http://www.fremonttribune.com
Frontier Myanmar,Myanmar,http://frontiermyanmar.net
Frontier Myanmar,Myanmar,https://www.frontiermyanmar.net
Fudzilla,UK,http://www.fudzilla.com
G1,Brazil,http://g1.globo.com
Gazet van Antwerpen,Belgium,https://www.gva.be
Gazeta Wyborcza,Poland,https://www.wyborcza.pl
Geo News,Pakistan,http://www.geo.tv
Ghanaian Times,Ghana,https://www.ghanaiantimes.com.gh
GhanaWeb,Ghana,https://www.ghanaweb.com
Gippsland Times,Australia,http://www.gippslandtimes.com.au
Gisborne Herald,New Zealand,https://www.gisborneherald.co.nz
Global Times,Nigeria,https://globaltimesng.com
GlobalPost,USA,https://theworld.org/sections/globalpost
Globe and Mail,Canada,https://www.theglobeandmail.com
GMA News,Philippines,https://www.gmanetwork.com/news
Gorilla Radio,Canada,http://www.gorillaradioblog.com
Granma,Cuba,http://en.granma.cu
Guam Daily Post,Guam,http://www.postguam.com
Guangming Daily,China,http://en.gmw.cn
Gulf Daily News,Bahrain,http://www.gdnonline.com
Gulf Daily News,Bahrain,https://www.gdnonline.com
Gulf News,UAE,http://www.gulfnews.com
Gulf News,UAE,https://gulfnews.com
Gulf Times,Qatar,http://www.gulf-times.com
Gulf Times,Qatar,https://www.gulf-times.com
Gulf Today,UAE,http://www.gulftoday.ae
Ha Noi Moi,Vietnam,http://www.hanoimoi.com.vn
Haaretz,Israel,http://www.haaretz.com
Haaretz,Israel,https://www.haaretz.com
Habertürk,Turkey,https://www.haberturk.com
Haitian Times,Haiti,https://haitiantimes.com
Hankyoreh,South Korea,http://english.hani.co.kr
Harian Metro,Malaysia,https://www.hmetro.com.my
Harian Republika,Indonesia,http://www.republika.co.id
Havana Times,Cuba,http://www.havanatimes.org
Hawaii News Now,USA,https://www.hawaiinewsnow.com
Hawaii Tribune-Herald,USA,https://www.hawaiitribune-herald.com
Helsingin Sanomat,Finland,http://www.hs.fi
Helsingin Sanomat,Finland,https://www.hs.fi
Helsinki Times,Finland,http://www.helsinkitimes.fi
Herald Live,South Africa,https://www.heraldlive.co.za
Herald Scotland,UK,http://www.heraldscotland.com
Herald Sun,Australia,http://www.heraldsun.com.au
Herald Sun,Australia,https://www.heraldsun.com.au
Het Financieele Dagblad,Netherlands,https://fd.nl
Het Laatste Nieuws,Belgium,https://www.hln.be
Hindustan Times,India,http://www.hindustantimes.com
Hindustan Times,India,https://www.hindustantimes.com
Hindustan,Hindi,https://www.livehindustan.com
Hong Kong Free Press,Hong Kong,https://www.hongkongfp.com
Honiara Solomon Star,Solomon Islands,https://www.solomonstarnews.com
Hotnews,Romania,https://www.hotnews.ro
Houston Chronicle,USA,https://www.houstonchronicle.com
Hürriyet Daily News,Turkey,http://www.hurriyetdailynews.com
Hurriyet Daily News,Turkey,https://www.hurriyetdailynews.com
Hürriyet,Turkey,http://www.hurriyetdailynews.com
Hürriyet,Turkey,https://www.hurriyetdailynews.com
Iceland Review,Iceland,https://www.icelandreview.com
Il Fatto Quotidiano,Italy,http://www.ilfattoquotidiano.it
Il Fatto Quotidiano,Italy,https://www.ilfattoquotidiano.it
Il Giornale d'Italia,Italy,http://www.ilgiornaleditalia.it
Il Giorno,Italy,https://www.ilgiorno.it
Il Manifesto,Italy,https://ilmanifesto.it
Il Mattino,Italy,http://www.ilmattino.it
Il Mattino,Italy,https://www.ilmattino.it
Il Sole 24 Ore,Italy,http://www.ilsole24ore.com
Il Sole 24 Ore,Italy,https://www.ilsole24ore.com
Ilta-Sanomat,Finland,https://www.is.fi
India Narrative,India,http://www.indianarrative.com
India Narrative,India,https://www.indianarrative.com
India Times,India,http://www.indiatimes.com
India Today,India,http://www.indiatoday.in
India Today,India,https://www.indiatoday.in
India TV,India,https://www.indiatvnews.com
Indian Country Today,USA,https://indiancountrytoday.com
Indian Express,India,http://www.indianexpress.com
Indian Express,India,https://indianexpress.com
Indianapolis Recorder,USA,https://indianapolisrecorder.com
Indianapolis Star,USA,http://www.indystar.com
Indianapolis Star,USA,https://www.indystar.com
Infobae America,Argentina,https://www.infobae.com/america
Infobae,Argentina,https://www.infobae.com
InfoMigrants,Germany,https://www.infomigrants.net
Inter Press Service,Italy,https://www.ipsnews.net
Interaksyon,Philippines,https://www.interaksyon.philstar.com
Interfax,Russia,http://www.interfax.com
Interfax,Russia,https://www.interfax.com
IOL News,South Africa,https://www.iol.co.za
Iran International,Iran,https://www.iranintl.com
Irish Examiner,Ireland,https://www.irishexaminer.com
Irish Independent,Ireland,https://www.independent.ie
Irish Times,Ireland,https://www.irishtimes.com
Israel Business News,Israel,https://www.globes.co.il
Israel Hayom,Israel,http://www.israelhayom.com
Israel Hayom,Israel,https://www.israelhayom.com
Israel National News,Israel,https://www.israelnationalnews.com
Jakarta Globe,Indonesia,http://www.thejakartaglobe.com
Jakarta Globe,Indonesia,https://www.thejakartaglobe.com
Jakarta Post,Indonesia,http://www.thejakartapost.com
Jamaica Gleaner,Jamaica,http://www.jamaica-gleaner.com
Jamaica Observer,Jamaica,https://www.jamaicaobserver.com
Janata Weekly,India,http://www.janataweekly.org
Jang Newspaper,Pakistan,https://jang.com.pk
Japan News,Japan,http://the-japan-news.com
Japan Times,Japan,http://www.japantimes.co.jp
Japan Times,Japan,https://www.japantimes.co.jp
Jerusalem Post,Israel,https://www.jpost.com
Jeune Afrique,Cote d'Ivoire,https://www.jeuneafrique.com
Jeune Afrique,France,http://www.jeuneafrique.com
Jeune Afrique,France,https://www.jeuneafrique.com
Jiji Press,Japan,http://www.jiji.com
Jordan News,Jordan,https://www.jordannews.jo
Jordan Times,Jordan,http://www.jordantimes.com
Jornal de Angola,Angola,http://www.jornaldeangola.ao
Jornal de Notícias,Portugal,http://www.jn.pt
Jornal de Notícias,Portugal,https://www.jn.pt
Jornal do Brasil,Brazil,http://www.jb.com.br
Kathimerini,Cyprus,http://www.kathimerini.com.cy
Kathimerini,Greece,http://www.ekathimerini.com
Kathimerini,Greece,https://www.ekathimerini.com
Kathmandu Post,Nepal,http://kathmandupost.ekantipur.com
Kathmandu Post,Nepal,http://www.kathmandupost.ekantipur.com
Kathmandu Post,Nepal,https://kathmandupost.com
Kathmandu Tribune,Nepal,https://kathmandutribune.com
Kazinform,Kazakhstan,http://www.inform.kz
KBS World,South Korea,https://world.kbs.co.kr
Khaleej Times,UAE,http://www.khaleejtimes.com
Khaleej Times,UAE,https://www.khaleejtimes.com
Khmer Times,Cambodia,https://www.khmertimeskh.com
Kommersant,Russia,http://www.kommersant.ru
Kommersant,Russia,https://www.kommersant.ru
Kompas,Indonesia,https://www.kompas.com
Korea Times,South Korea,https://www.koreatimes.co.kr
Kosovo 2.0,Kosovo,https://kosovotwopointzero.com
Kuwait News Agency (KUNA),Kuwait,http://www.kuna.net.kw
Kuwait Times,Kuwait,http://www.kuwaittimes.net
Kuwait Times,Kuwait,https://www.kuwaittimes.com
Kyiv Post,Ukraine,http://www.kyivpost.com
Kyodo News,Japan,https://english.kyodonews.net
L’Echo,Belgium,https://www.lecho.be
L'Express,France,http://www.lexpress.fr
L'Orient-Le Jour,Lebanon,http://www.lorientlejour.com
L'Orient-Le Jour,Lebanon,https://www.lorientlejour.com
L'Osservatore Romano,Vatican City,https://www.osservatoreromano.va
La Capital,Argentina,https://www.lacapital.com.ar
La Gaceta,Argentina,https://www.lagaceta.com.ar
La Jornada,Mexico,https://www.jornada.com.mx
La Libre Belgique,Belgium,https://www.lalibre.be
La Nación,Argentina,http://www.lanacion.com.ar
La Nación,Argentina,https://www.lanacion.com.ar
La Nacion,Chile,https://lanacion.cl
La Nacion,Costa Rica,https://www.nacion.com
La Nación,Paraguay,http://www.lanacion.com.py
La Nueva Provincia,Argentina,http://www.lanueva.com
La Prensa,Honduras,https://www.laprensa.hn
La Prensa,Panama,http://www.prensa.com
La Prensa,Panama,https://www.prensa.com
La Presse,Canada,https://www.lapresse.ca
La Razón,Bolivia,http://www.la-razon.com
La Razón,Bolivia,https://www.la-razon.com
La Repubblica,Italy,http://www.repubblica.it
La Repubblica,Italy,https://www.repubblica.it
La Republica,Peru,https://www.larepublica.pe
La República,Peru,https://www.larepublica.pe
La República,Uruguay,http://www.larepublica.com.uy
La Tercera,Chile,http://www.latercera.com
La Tercera,Chile,https://www.latercera.com
La Tribuna,Honduras,https://www.latribuna.hn
La Vanguardia,Spain,http://www.lavanguardia.com
La Vanguardia,Spain,https://www.lavanguardia.com
Lapresse Canada,Canada,https://www.lapresse.ca
Latvijas Avize,Latvia,http://www.la.lv
LBCI News,Lebanon,http://www.lbcgroup.tv
Le Devoir,Canada,http://www.ledevoir.com
Le Figaro,France,http://www.lefigaro.fr
Le Figaro,France,https://www.lefigaro.fr
Le Matin,Morocco,https://lematin.ma
Le Monde Afrique,France,https://www.lemonde.fr/afrique
Le Monde Diplomatique,France,https://mondediplo.com
Le Monde,France,http://www.lemonde.fr
Le Monde,France,https://www.lemonde.fr
Le Soir,Belgium,http://www.lesoir.be
Le Soir,Belgium,https://www.lesoir.be
Le Temps,Switzerland,https://www.letemps.ch
Lenta.ru,Russia,https://lenta.ru
Les Dépêches de Brazzaville,Congo,https://www.lesdepechesdebrazzaville.fr
Les Echos,France,http://www.lesechos.fr
Les Echos,France,https://www.lesechos.fr
Liberation News,USA,http://www.liberationnews.org
Liberation,France,http://www.liberation.fr
Liberation,France,https://www.liberation.fr
Libération,France,https://www.liberation.fr
Libya Observer,Libya,https://www.libyaobserver.ly
Lidové noviny,Czech Republic,https://www.lidovky.cz
Los Angeles Times,USA,https://www.latimes.com
Macau Daily Times,Macau,https://macaudailytimes.com.mo
Macau News,Macau,http://www.macauhub.com.mo
Mail & Guardian,South Africa,http://www.mg.co.za
Mail & Guardian,South Africa,https://mg.co.za
Mail Today,India,http://www.mailtoday.in
Malawi Voice,Malawi,https://www.malawivoice.com
Malawi24,Malawi,https://www.malawi24.com
Malay Mail,Malaysia,http://www.malaymail.com
Malay Mail,Malaysia,https://www.malaymail.com
Malta Today,Malta,https://www.maltatoday.com.mt
Manila Bulletin,Philippines,http://www.mb.com.ph
Manila Bulletin,Philippines,https://www.mb.com.ph
Manila Standard,Philippines,http://www.manilastandard.net
MarketWatch,USA,https://www.marketwatch.com
Maroc Hebdo,Morocco,http://maroc-hebdo.press.ma
Mercopress,Uruguay,http://en.mercopress.com
Metro News,Canada,https://www.metronews.ca
Miami Herald,USA,https://www.miamiherald.com
Miami Times,USA,http://www.miamitimesonline.com
Middle East Eye,UK,http://www.middleeasteye.net
Middle East Eye,UK,https://www.middleeasteye.net
Middle East Monitor,UK,https://www.middleeastmonitor.com
Midlands News,Zimbabwe,http://www.midlandsnews.co.zw
Milliyet,Turkey,http://www.milliyet.com.tr
Milliyet,Turkey,https://www.milliyet.com.tr
Mint Press News,USA,https://www.mintpressnews.com
Mint,India,https://www.livemint.com
Mirror,Nigeria,https://www.mirrorng.com
Mizzima News,Myanmar,http://www.mizzima.com
Mizzima,Myanmar,https://www.mizzima.com
Mmegi,Botswana,https://www.mmegi.bw
Modern Ghana,Ghana,http://www.modernghana.com
Modern Ghana,Ghana,https://www.modernghana.com
Monitor,Uganda,https://www.monitor.co.ug
Morocco World News,Morocco,https://www.moroccoworldnews.com
Moscow Times,Russia,https://www.themoscowtimes.com
Myanmar Now,Myanmar,https://www.myanmar-now.org
Myanmar Times,Myanmar,http://www.mmtimes.com
Myjoyonline,Ghana,https://www.myjoyonline.com
Naija News,Nigeria,https://www.naijanews.com
Nairobi Star,Kenya,https://www.the-star.co.ke
Nasdaq,USA,https://www.nasdaq.com
Nation News,Barbados,http://www.nationnews.com
National Post,Canada,http://www.nationalpost.com
National Public Radio (NPR),USA,https://www.npr.org
National,Scotland,http://www.thenational.scot
Navbharat Times,India,https://navbharattimes.indiatimes.com
NBC News,USA,https://www.nbcnews.com
NDTV,India,http://www.ndtv.com
NDTV,India,https://www.ndtv.com
Neue Zürcher Zeitung (NZZ),Switzerland,https://www.nzz.ch
New Era,Namibia,https://www.newera.com.na
New Frame,South Africa,https://www.newframe.com
New Straits Times,Malaysia,http://www.nst.com.my
New Straits Times,Malaysia,https://www.nst.com.my
New York Post,USA,https://nypost.com
New York Times,USA,https://www.nytimes.com
New Zealand Herald,New Zealand,http://www.nzherald.co.nz
New Zealand Herald,New Zealand,https://www.nzherald.co.nz
New Zimbabwe,Zimbabwe,https://www.newzimbabwe.com
News 18,India,https://www.news18.com
News 24,South Africa,http://www.news24.com
News 24,South Africa,https://www.news24.com
News Ghana,Ghana,https://newsghana.com.gh
News Tribune,USA,http://www.newstribune.com
News.com.au,Australia,https://www.news.com.au
News24,South Africa,https://www.news24.com
Newsday,USA,http://www.newsday.com
NewsDay,Zimbabwe,https://www.newsday.co.zw
Newshub,New Zealand,https://www.newshub.co.nz
NewspaperDirect,Canada,http://www.newspaperdirect.com
Newsroom,New Zealand,https://www.newsroom.co.nz
NHK News,Japan,https://www3.nhk.or.jp/nhkworld/en
Nigerian Tribune,Nigeria,https://tribuneonlineng.com
Nikkei Asia,Japan,http://asia.nikkei.com
Nine News,Australia,https://www.9news.com.au
Norman Transcript,USA,https://www.normantranscript.com
North Korea Times,North Korea,https://www.northkoreatimes.com
North Queensland Register,Australia,https://www.northqueenslandregister.com.au
North West Star,Australia,http://www.northweststar.com.au
Noticias Caracol,Colombia,https://noticias.caracoltv.com
Nova Makedonija,North Macedonia,https://novamakedonija.com.mk
Novaya Gazeta,Russia,https://novayagazeta.ru
NRC Handelsblad,Netherlands,http://www.nrc.nl
NRC,Netherlands,https://www.nrc.nl
NRK,Norway,https://www.nrk.no
NZ Herald,New Zealand,https://www.nzherald.co.nz
O Estado de S. Paulo,Brazil,https://www.estadao.com.br
O Globo,Brazil,https://oglobo.globo.com
Observer,Uganda,http://www.observer.ug
Observer,Uganda,https://observer.ug
Origo,Hungary,http://www.origo.hu
Orinoco Tribune,Venezuela,http://orinocotribune.com
Orinoco Tribune,Venezuela,https://orinocotribune.com
Pakistan Today,Pakistan,http://www.pakistantoday.com.pk
Pakistan Today,Pakistan,https://www.pakistantoday.com.pk
Pattaya Mail,Thailand,https://www.pattayamail.com
People's Daily,China,https://en.people.cn
Periódico,Spain,http://www.elperiodico.com
Periódico,Spain,https://www.elperiodico.com
Philippine Daily Inquirer,Philippines,http://www.inquirer.net
Philippine Daily Inquirer,Philippines,https://www.inquirer.net
Philippine Star,Philippines,https://www.philstar.com
Politico,USA,http://www.politico.com
Politico,USA,https://www.politico.com
Politiken,Denmark,https://politiken.dk
Pravda,Slovakia,https://www.pravda.sk
Prensa Libre,Guatemala,http://www.prensalibre.com
Prensa Libre,Guatemala,https://www.prensalibre.com
Publication_Name,Country,Website
Pulse Nigeria,Nigeria,https://www.pulse.ng
Radio Free Asia,USA,http://www.rfa.org
Radio Free Asia,USA,https://www.rfa.org
Radio New Zealand,New Zealand,http://www.rnz.co.nz
Rappler,Philippines,http://www.rappler.com
Rappler,Philippines,https://www.rappler.com
RBC,Russia,https://www.rbc.ru
Record,Mexico,https://www.record.com.mx
Rediff,India,http://www.rediff.com
Reuters,UK,http://www.reuters.com
Reuters,UK,https://www.reuters.com
RFE/RL,USA,https://www.rferl.org
RFI (Radio France Internationale),France,https://www.rfi.fr/en
Ritzau,Denmark,https://ritzau.dk
RPP Noticias,Peru,https://rpp.pe
RT (Russia Today),Russia,https://www.rt.com
RT,Russia,http://www.rt.com
SABC News,South Africa,http://www.sabcnews.com
Salt Lake Tribune,USA,https://www.sltrib.com
Saudi Gazette,Saudi Arabia,http://www.saudigazette.com.sa
Scoop,New Zealand,https://www.scoop.co.nz
Scotsman,UK,https://www.scotsman.com
Shabelle Media Network,Somalia,http://shabellenews.com
Sheffield Telegraph,UK,https://www.sheffieldtelegraph.co.uk
Shropshire Star,UK,https://www.shropshirestar.com
Sina News,China,https://english.sina.com
Sky News,UK,https://news.sky.com
South China Morning Post,Hong Kong,http://www.scmp.com
South China Morning Post,Hong Kong,https://www.scmp.com
Sowetan,South Africa,https://www.sowetanlive.co.za
Standard,Kenya,http://www.standardmedia.co.ke
Stratfor,USA,https://www.stratfor.com
Stuff,New Zealand,https://www.stuff.co.nz
Stuttgarter Zeitung,Germany,http://www.stuttgarter-zeitung.de
Sudan Tribune,Sudan,http://www.sudantribune.com
Süddeutsche Zeitung,Germany,http://www.sueddeutsche.de
Süddeutsche Zeitung,Germany,https://www.sueddeutsche.de
Sunday Standard,Botswana,https://www.sundaystandard.info
Swissinfo,Switzerland,https://www.swissinfo.ch
Sydney Morning Herald,Australia,http://www.smh.com.au
Sydney Morning Herald,Australia,https://www.smh.com.au
Taipei Times,Taiwan,https://www.taipeitimes.com
Tass,Russia,https://tass.com
Tehran Times,Iran,http://www.tehrantimes.com
Tehran Times,Iran,https://www.tehrantimes.com
The Asahi Shimbun,Japan,https://www.asahi.com
The Australian,Australia,http://www.theaustralian.com.au
The Australian,Australia,https://www.theaustralian.com.au
The Baltic Times,Latvia,https://www.baltictimes.com
The Business Times,Singapore,https://www.businesstimes.com.sg
The Cambodia Daily,Cambodia,https://www.cambodiadaily.com
The Caribbean Camera,Caribbean,https://www.thecaribbeancamera.com
The Citizen,South Africa,http://www.citizen.co.za
The Citizen,Tanzania,https://www.thecitizen.co.tz
The Daily Telegraph,UK,http://www.telegraph.co.uk
The Economic Times,India,http://www.economictimes.indiatimes.com
The Express Tribune,Pakistan,https://tribune.com.pk
The Guardian,UK,http://www.theguardian.com
The Guardian,UK,https://www.theguardian.com
The Herald,Zimbabwe,https://www.herald.co.zw
The Hindu,India,http://www.thehindu.com
The Hindu,India,https://www.thehindu.com
The Independent,UK,http://www.independent.co.uk
The Independent,UK,https://www.independent.co.uk
The Irish Times,Ireland,http://www.irishtimes.com
The Jakarta Post,Indonesia,https://www.thejakartapost.com
The Jerusalem Post,Israel,http://www.jpost.com
The Korea Herald,South Korea,http://www.koreaherald.com
The Korea Herald,South Korea,https://www.koreaherald.com
The Manila Times,Philippines,https://www.manilatimes.net
The Moscow Times,Russia,http://www.themoscowtimes.com
The Nation,Kenya,http://www.nation.co.ke
The National,UAE,https://www.thenationalnews.com
The New Indian Express,India,http://www.newindianexpress.com
The New Indian Express,India,https://www.newindianexpress.com
The New York Times,USA,http://www.nytimes.com
The Standard,Kenya,https://www.standardmedia.co.ke
The Straits Times,Singapore,http://www.straitstimes.com
The Straits Times,Singapore,https://www.straitstimes.com
The Sydney Morning Herald,Australia,http://www.smh.com.au
The Times of India,India,http://timesofindia.indiatimes.com
The Times of Israel,Israel,https://www.timesofisrael.com
The Times,UK,https://www.thetimes.co.uk
The Tribune,India,https://www.tribuneindia.com
The Wall Street Journal,USA,http://www.wsj.com
The Washington Post,USA,http://www.washingtonpost.com
Times of India,India,https://www.timesofindia.indiatimes.com
TimesLIVE,South Africa,http://www.timeslive.co.za
TimesLIVE,South Africa,https://www.timeslive.co.za
Toronto Star,Canada,https://www.thestar.com
Trouw,Netherlands,https://www.trouw.nl
TRT World,Turkey,http://www.trtworld.com
TRT World,Turkey,https://www.trtworld.com
USA Today,USA,http://www.usatoday.com
USA Today,USA,https://www.usatoday.com
Vanguard,Nigeria,https://www.vanguardngr.com
Vietnam News,Vietnam,https://vietnamnews.vn
Volkskrant,Netherlands,https://www.volkskrant.nl
Washington Post,USA,https://www.washingtonpost.com
Xinhua News Agency,China,http://www.xinhuanet.com
Xinhua News,China,http://www.xinhuanet.com
Ynet,Israel,https://www.ynetnews.com
Ynetnews,Israel,http://www.ynetnews.com
Zee News,India,http://zeenews.india.com
Zee News,India,https://zeenews.india.com
