Publication_Name,Country,Website,Google_Search,Isr_Cov_Actual
7News,Australia,https://7news.com.au,https://www.google.com/search?q=site:https://7news.com.au+Israel,
A Bola,Portugal,https://www.abola.pt,https://www.google.com/search?q=site:https://www.abola.pt+Israel,
ABC News,USA,https://abcnews.go.com,https://www.google.com/search?q=site:https://abcnews.go.com+Israel,
ABC Radio Australia,Australia,https://www.abc.net.au/radio-australia,https://www.google.com/search?q=site:https://www.abc.net.au/radio-australia+Israel,
AD (Algemeen Dagblad),Netherlands,https://www.ad.nl,https://www.google.com/search?q=site:https://www.ad.nl+Israel,
Adelaide Now,Australia,https://www.adelaidenow.com.au,https://www.google.com/search?q=site:https://www.adelaidenow.com.au+Israel,
Adnkronos,Italy,https://www.adnkronos.com,https://www.google.com/search?q=site:https://www.adnkronos.com+Israel,
Afghan Voice Agency,Afghanistan,https://www.avapress.com,https://www.google.com/search?q=site:https://www.avapress.com+Israel,
Africa Intelligence,France,https://www.africaintelligence.com,https://www.google.com/search?q=site:https://www.africaintelligence.com+Israel,
Africanews,Congo,https://www.africanews.com,https://www.google.com/search?q=site:https://www.africanews.com+Israel,
Afrique Panorama,Madagascar,https://www.afriquepanorama.com,https://www.google.com/search?q=site:https://www.afriquepanorama.com+Israel,
Aftenposten,Norway,https://www.aftenposten.no,https://www.google.com/search?q=site:https://www.aftenposten.no+Israel,
Agence France-Presse (AFP),France,https://www.afp.com,https://www.google.com/search?q=site:https://www.afp.com+Israel,
Ahram Hebdo,Egypt,https://hebdo.ahram.org.eg,https://www.google.com/search?q=site:https://hebdo.ahram.org.eg+Israel,
Ahram Online,Egypt,https://english.ahram.org.eg,https://www.google.com/search?q=site:https://english.ahram.org.eg+Israel,
Ahram Weekly,Egypt,https://weekly.ahram.org.eg,https://www.google.com/search?q=site:https://weekly.ahram.org.eg+Israel,
Al Ain News,UAE,https://al-ain.com,https://www.google.com/search?q=site:https://al-ain.com+Israel,
Al Arabiya,Saudi Arabia,https://english.alarabiya.net,https://www.google.com/search?q=site:https://english.alarabiya.net+Israel,
Al Bawaba,Jordan,https://www.albawaba.com,https://www.google.com/search?q=site:https://www.albawaba.com+Israel,
Al Jazeera,Qatar,https://www.aljazeera.com,https://www.google.com/search?q=site:https://www.aljazeera.com+Israel,
Al Sharq,Saudi Arabia,https://www.al-sharq.com,https://www.google.com/search?q=site:https://www.al-sharq.com+Israel,
Al-Ahram,Egypt,https://english.ahram.org.eg,https://www.google.com/search?q=site:https://english.ahram.org.eg+Israel,
Al-Khaleej,UAE,https://www.alkhaleej.ae,https://www.google.com/search?q=site:https://www.alkhaleej.ae+Israel,
Al-Masry Al-Youm,Egypt,https://www.almasryalyoum.com,https://www.google.com/search?q=site:https://www.almasryalyoum.com+Israel,
Al-Masry Al-Youm,Egypt,https://www.egyptindependent.com,https://www.google.com/search?q=site:https://www.egyptindependent.com+Israel,
Al-Monitor,USA,https://www.al-monitor.com,https://www.google.com/search?q=site:https://www.al-monitor.com+Israel,
Al-Quds Al-Arabi,UK,https://www.alquds.co.uk,https://www.google.com/search?q=site:https://www.alquds.co.uk+Israel,
Al-Riyadh,Saudi Arabia,https://www.alriyadh.com,https://www.google.com/search?q=site:https://www.alriyadh.com+Israel,
Al-Watan,Oman,https://www.alwatan.com,https://www.google.com/search?q=site:https://www.alwatan.com+Israel,
Albayan,UAE,https://www.albayan.ae,https://www.google.com/search?q=site:https://www.albayan.ae+Israel,
Algemeen Dagblad,Netherlands,https://www.ad.nl,https://www.google.com/search?q=site:https://www.ad.nl+Israel,
Alwasat,Libya,https://alwasat.ly,https://www.google.com/search?q=site:https://alwasat.ly+Israel,
Ammon News,Jordan,https://en.ammonnews.net,https://www.google.com/search?q=site:https://en.ammonnews.net+Israel,
An Nahar,Lebanon,https://www.annahar.com,https://www.google.com/search?q=site:https://www.annahar.com+Israel,
Anadolu Agency,Turkey,https://www.aa.com.tr,https://www.google.com/search?q=site:https://www.aa.com.tr+Israel,
ANSA,Italy,https://www.ansa.it,https://www.google.com/search?q=site:https://www.ansa.it+Israel,
Antara News,Indonesia,https://en.antaranews.com,https://www.google.com/search?q=site:https://en.antaranews.com+Israel,
Arab News,Saudi Arabia,https://www.arabnews.com,https://www.google.com/search?q=site:https://www.arabnews.com+Israel,
Arab Times,Kuwait,https://www.arabtimesonline.com,https://www.google.com/search?q=site:https://www.arabtimesonline.com+Israel,
Arabian Business,UAE,https://www.arabianbusiness.com,https://www.google.com/search?q=site:https://www.arabianbusiness.com+Israel,
Asharq Al-Awsat,Saudi Arabia,https://english.aawsat.com,https://www.google.com/search?q=site:https://english.aawsat.com+Israel,
Asharq News,Saudi Arabia,https://www.asharq.com,https://www.google.com/search?q=site:https://www.asharq.com+Israel,
Asia News Network,Singapore,https://www.asianews.network,https://www.google.com/search?q=site:https://www.asianews.network+Israel,
Asia News,Italy,https://www.asianews.it,https://www.google.com/search?q=site:https://www.asianews.it+Israel,
Asia Sentinel,Hong Kong,https://www.asiasentinel.com,https://www.google.com/search?q=site:https://www.asiasentinel.com+Israel,
Asia Times,Hong Kong,https://asiatimes.com,https://www.google.com/search?q=site:https://asiatimes.com+Israel,
AsiaOne,Singapore,https://www.asiaone.com,https://www.google.com/search?q=site:https://www.asiaone.com+Israel,
Associated Press (AP),USA,https://apnews.com,https://www.google.com/search?q=site:https://apnews.com+Israel,
Aswat Masriya,Egypt,https://aswatmasriya.com,https://www.google.com/search?q=site:https://aswatmasriya.com+Israel,
Atlanta Journal-Constitution,USA,https://www.ajc.com,https://www.google.com/search?q=site:https://www.ajc.com+Israel,
Australian Broadcasting Corporation (ABC),Australia,https://www.abc.net.au,https://www.google.com/search?q=site:https://www.abc.net.au+Israel,
Australian Financial Review,Australia,https://www.afr.com,https://www.google.com/search?q=site:https://www.afr.com+Israel,
Australian News Channel,Australia,https://www.skynews.com.au,https://www.google.com/search?q=site:https://www.skynews.com.au+Israel,
Axios,USA,https://www.axios.com,https://www.google.com/search?q=site:https://www.axios.com+Israel,
AzerNews,Azerbaijan,https://www.azernews.az,https://www.google.com/search?q=site:https://www.azernews.az+Israel,
Azteca Noticias,Mexico,https://www.tvazteca.com,https://www.google.com/search?q=site:https://www.tvazteca.com+Israel,
B92,Serbia,https://www.b92.net,https://www.google.com/search?q=site:https://www.b92.net+Israel,
Balkan Insight,Serbia,https://balkaninsight.com,https://www.google.com/search?q=site:https://balkaninsight.com+Israel,
Baltic News Service,Estonia,https://bns.ee,https://www.google.com/search?q=site:https://bns.ee+Israel,
Bangkok Biz News,Thailand,https://www.bangkokbiznews.com,https://www.google.com/search?q=site:https://www.bangkokbiznews.com+Israel,
Bangkok Business News,Thailand,https://www.bangkokbiznews.com,https://www.google.com/search?q=site:https://www.bangkokbiznews.com+Israel,
Bangkok Post,Thailand,https://www.bangkokpost.com,https://www.google.com/search?q=site:https://www.bangkokpost.com+Israel,
Bangladesh News 24,Bangladesh,https://bdnews24.com,https://www.google.com/search?q=site:https://bdnews24.com+Israel,
Bangladesh Observer,Bangladesh,https://www.observerbd.com,https://www.google.com/search?q=site:https://www.observerbd.com+Israel,
Barron's,USA,https://www.barrons.com,https://www.google.com/search?q=site:https://www.barrons.com+Israel,
Basler Zeitung,Switzerland,https://www.bazonline.ch,https://www.google.com/search?q=site:https://www.bazonline.ch+Israel,
Bay Area News Group,USA,https://www.bayareanewsgroup.com,https://www.google.com/search?q=site:https://www.bayareanewsgroup.com+Israel,
Bay Area Reporter,USA,https://www.ebar.com,https://www.google.com/search?q=site:https://www.ebar.com+Israel,
BBC Arabic,UK,https://www.bbc.com/arabic,https://www.google.com/search?q=site:https://www.bbc.com/arabic+Israel,
BBC News,UK,https://www.bbc.com,https://www.google.com/search?q=site:https://www.bbc.com+Israel,
BDNews24,Bangladesh,https://bdnews24.com,https://www.google.com/search?q=site:https://bdnews24.com+Israel,
Beeld,South Africa,https://www.netwerk24.com/beeld,https://www.google.com/search?q=site:https://www.netwerk24.com/beeld+Israel,
Beijing Review,China,https://www.bjreview.com.cn,https://www.google.com/search?q=site:https://www.bjreview.com.cn+Israel,
Beijing Review,China,https://www.bjreview.com,https://www.google.com/search?q=site:https://www.bjreview.com+Israel,
Belfast Telegraph,UK,https://www.belfasttelegraph.co.uk,https://www.google.com/search?q=site:https://www.belfasttelegraph.co.uk+Israel,
Bendigo Advertiser,Australia,https://www.bendigoadvertiser.com.au,https://www.google.com/search?q=site:https://www.bendigoadvertiser.com.au+Israel,
Bergens Tidende,Norway,https://www.bt.no,https://www.google.com/search?q=site:https://www.bt.no+Israel,
Berliner Morgenpost,Germany,https://www.morgenpost.de,https://www.google.com/search?q=site:https://www.morgenpost.de+Israel,
Berliner Zeitung,Germany,https://www.berliner-zeitung.de,https://www.google.com/search?q=site:https://www.berliner-zeitung.de+Israel,
Berlingske,Denmark,https://www.berlingske.dk,https://www.google.com/search?q=site:https://www.berlingske.dk+Israel,
Bharat Samachar,India,https://bharatsamacharlive.com,https://www.google.com/search?q=site:https://bharatsamacharlive.com+Israel,
Bianet,Turkey,https://www.bianet.org,https://www.google.com/search?q=site:https://www.bianet.org+Israel,
Bianet,Turkey,https://bianet.org,https://www.google.com/search?q=site:https://bianet.org+Israel,
BILD,Germany,https://www.bild.de,https://www.google.com/search?q=site:https://www.bild.de+Israel,
BizNews,South Africa,https://www.biznews.com,https://www.google.com/search?q=site:https://www.biznews.com+Israel,
Biznis Polska,Poland,https://www.biznispolska.pl,https://www.google.com/search?q=site:https://www.biznispolska.pl+Israel,
Black Press,Canada,https://www.blackpress.ca,https://www.google.com/search?q=site:https://www.blackpress.ca+Israel,
Black Star News,USA,https://www.blackstarnews.com,https://www.google.com/search?q=site:https://www.blackstarnews.com+Israel,
Blic,Serbia,https://www.blic.rs,https://www.google.com/search?q=site:https://www.blic.rs+Israel,
Bloomberg,USA,https://www.bloomberg.com,https://www.google.com/search?q=site:https://www.bloomberg.com+Israel,
BloombergQuint,India,https://www.bloombergquint.com,https://www.google.com/search?q=site:https://www.bloombergquint.com+Israel,
Boston Globe,USA,https://www.bostonglobe.com,https://www.google.com/search?q=site:https://www.bostonglobe.com+Israel,
Brisbane Times,Australia,https://www.brisbanetimes.com.au,https://www.google.com/search?q=site:https://www.brisbanetimes.com.au+Israel,
BTV,Bulgaria,https://btvnovinite.bg,https://www.google.com/search?q=site:https://btvnovinite.bg+Israel,
Buenos Aires Herald,Argentina,https://buenosairesherald.com,https://www.google.com/search?q=site:https://buenosairesherald.com+Israel,
Business Day,Nigeria,https://businessday.ng,https://www.google.com/search?q=site:https://businessday.ng+Israel,
Business Day,South Africa,https://www.businessday.co.za,https://www.google.com/search?q=site:https://www.businessday.co.za+Israel,
Business Day,South Africa,https://www.businesslive.co.za,https://www.google.com/search?q=site:https://www.businesslive.co.za+Israel,
Business Ghana,Ghana,https://www.businessghana.com,https://www.google.com/search?q=site:https://www.businessghana.com+Israel,
Business Insider,USA,https://www.businessinsider.com,https://www.google.com/search?q=site:https://www.businessinsider.com+Israel,
Business Standard,India,https://www.business-standard.com,https://www.google.com/search?q=site:https://www.business-standard.com+Israel,
Business Times,Malaysia,https://www.businesstimes.com.sg,https://www.google.com/search?q=site:https://www.businesstimes.com.sg+Israel,
Business Today,India,https://www.businesstoday.in,https://www.google.com/search?q=site:https://www.businesstoday.in+Israel,
BusinessTech,South Africa,https://businesstech.co.za,https://www.google.com/search?q=site:https://businesstech.co.za+Israel,
Calcalist,Israel,https://www.calcalist.co.il,https://www.google.com/search?q=site:https://www.calcalist.co.il+Israel,
Cameroon Post,Cameroon,https://www.cameroonpostline.com,https://www.google.com/search?q=site:https://www.cameroonpostline.com+Israel,
Canberra Times,Australia,https://www.canberratimes.com.au,https://www.google.com/search?q=site:https://www.canberratimes.com.au+Israel,
Cape Argus,South Africa,https://www.iol.co.za/capeargus,https://www.google.com/search?q=site:https://www.iol.co.za/capeargus+Israel,
Cape Times,South Africa,https://www.iol.co.za/capetimes,https://www.google.com/search?q=site:https://www.iol.co.za/capetimes+Israel,
Capital Ethiopia,Ethiopia,https://www.capitalethiopia.com,https://www.google.com/search?q=site:https://www.capitalethiopia.com+Israel,
Capital,France,https://www.capital.fr,https://www.google.com/search?q=site:https://www.capital.fr+Israel,
Caracol Radio,Colombia,https://caracol.com.co,https://www.google.com/search?q=site:https://caracol.com.co+Israel,
Caribbean News Now!,Caribbean,https://www.caribbeannewsnow.com,https://www.google.com/search?q=site:https://www.caribbeannewsnow.com+Israel,
Catholic News Service,USA,https://www.catholicnews.com,https://www.google.com/search?q=site:https://www.catholicnews.com+Israel,
CBC News,Canada,https://www.cbc.ca,https://www.google.com/search?q=site:https://www.cbc.ca+Israel,
CCTV News,China,https://english.cctv.com,https://www.google.com/search?q=site:https://english.cctv.com+Israel,
Ceylon Today,Sri Lanka,https://www.ceylontoday.lk,https://www.google.com/search?q=site:https://www.ceylontoday.lk+Israel,
Channel 4 News,UK,https://www.channel4.com,https://www.google.com/search?q=site:https://www.channel4.com+Israel,
Channel NewsAsia (CNA),Singapore,https://www.channelnewsasia.com,https://www.google.com/search?q=site:https://www.channelnewsasia.com+Israel,
Chicago Reader,USA,https://www.chicagoreader.com,https://www.google.com/search?q=site:https://www.chicagoreader.com+Israel,
Chicago Sun-Times,USA,https://www.suntimes.com,https://www.google.com/search?q=site:https://www.suntimes.com+Israel,
Chicago Tribune,USA,https://www.chicagotribune.com,https://www.google.com/search?q=site:https://www.chicagotribune.com+Israel,
China Daily,China,https://www.chinadaily.com.cn,https://www.google.com/search?q=site:https://www.chinadaily.com.cn+Israel,
China Economic Net,China,https://en.ce.cn,https://www.google.com/search?q=site:https://en.ce.cn+Israel,
China Global Television Network (CGTN),China,https://www.cgtn.com,https://www.google.com/search?q=site:https://www.cgtn.com+Israel,
China.org.cn,China,https://www.china.org.cn,https://www.google.com/search?q=site:https://www.china.org.cn+Israel,
Chosun Ilbo,South Korea,https://english.chosun.com,https://www.google.com/search?q=site:https://english.chosun.com+Israel,
Chronicle,Zimbabwe,https://www.chronicle.co.zw,https://www.google.com/search?q=site:https://www.chronicle.co.zw+Israel,
City A.M.,UK,https://www.cityam.com,https://www.google.com/search?q=site:https://www.cityam.com+Israel,
City Press,South Africa,https://www.citypress.co.za,https://www.google.com/search?q=site:https://www.citypress.co.za+Israel,
Clarín,Argentina,https://www.clarin.com,https://www.google.com/search?q=site:https://www.clarin.com+Israel,
Clarion Ledger,USA,https://www.clarionledger.com,https://www.google.com/search?q=site:https://www.clarionledger.com+Israel,
Cleveland Plain Dealer,USA,https://www.cleveland.com,https://www.google.com/search?q=site:https://www.cleveland.com+Israel,
CNA,Singapore,https://www.channelnewsasia.com,https://www.google.com/search?q=site:https://www.channelnewsasia.com+Israel,
CNBC,USA,https://www.cnbc.com,https://www.google.com/search?q=site:https://www.cnbc.com+Israel,
CNEWS,France,https://www.cnews.fr,https://www.google.com/search?q=site:https://www.cnews.fr+Israel,
CNN International,USA,https://edition.cnn.com,https://www.google.com/search?q=site:https://edition.cnn.com+Israel,
CNN Philippines,Philippines,https://www.cnnphilippines.com,https://www.google.com/search?q=site:https://www.cnnphilippines.com+Israel,
CNN,USA,https://www.cnn.com,https://www.google.com/search?q=site:https://www.cnn.com+Israel,
Coconuts Media,Thailand,https://coconuts.co,https://www.google.com/search?q=site:https://coconuts.co+Israel,
Colombo Page,Sri Lanka,https://www.colombopage.com,https://www.google.com/search?q=site:https://www.colombopage.com+Israel,
Correio Braziliense,Brazil,https://www.correiobraziliense.com.br,https://www.google.com/search?q=site:https://www.correiobraziliense.com.br+Israel,
Correo,Peru,https://diariocorreo.pe,https://www.google.com/search?q=site:https://diariocorreo.pe+Israel,
Corriere della Sera,Italy,https://www.corriere.it,https://www.google.com/search?q=site:https://www.corriere.it+Israel,
Courrier International,France,https://www.courrierinternational.com,https://www.google.com/search?q=site:https://www.courrierinternational.com+Israel,
Cricbuzz,India,https://www.cricbuzz.com,https://www.google.com/search?q=site:https://www.cricbuzz.com+Israel,
Croatian News Agency (HINA),Croatia,https://www.hina.hr,https://www.google.com/search?q=site:https://www.hina.hr+Israel,
CTV News,Canada,https://www.ctvnews.ca,https://www.google.com/search?q=site:https://www.ctvnews.ca+Israel,
Czech News Agency (CTK),Czech Republic,https://www.ceskenoviny.cz,https://www.google.com/search?q=site:https://www.ceskenoviny.cz+Israel,
Dagbladet Information,Denmark,https://www.information.dk,https://www.google.com/search?q=site:https://www.information.dk+Israel,
Dagbladet,Norway,https://www.dagbladet.no,https://www.google.com/search?q=site:https://www.dagbladet.no+Israel,
Dagens Nyheter,Sweden,https://www.dn.se,https://www.google.com/search?q=site:https://www.dn.se+Israel,
Daily Dispatch,South Africa,https://www.dispatchlive.co.za,https://www.google.com/search?q=site:https://www.dispatchlive.co.za+Israel,
Daily Express,Pakistan,https://www.express.com.pk,https://www.google.com/search?q=site:https://www.express.com.pk+Israel,
Daily Express,UK,https://www.express.co.uk,https://www.google.com/search?q=site:https://www.express.co.uk+Israel,
Daily FT,Sri Lanka,https://www.ft.lk,https://www.google.com/search?q=site:https://www.ft.lk+Israel,
Daily Graphic,Ghana,https://www.graphic.com.gh,https://www.google.com/search?q=site:https://www.graphic.com.gh+Israel,
Daily Guide,Ghana,https://dailyguideafrica.com,https://www.google.com/search?q=site:https://dailyguideafrica.com+Israel,
Daily Guide,Ghana,https://www.dailyguideafrica.com,https://www.google.com/search?q=site:https://www.dailyguideafrica.com+Israel,
Daily Mail,UK,https://www.dailymail.co.uk,https://www.google.com/search?q=site:https://www.dailymail.co.uk+Israel,
Daily Maverick,South Africa,https://www.dailymaverick.co.za,https://www.google.com/search?q=site:https://www.dailymaverick.co.za+Israel,
Daily Mirror,Sri Lanka,https://www.dailymirror.lk,https://www.google.com/search?q=site:https://www.dailymirror.lk+Israel,
Daily Mirror,UK,https://www.mirror.co.uk,https://www.google.com/search?q=site:https://www.mirror.co.uk+Israel,
Daily Monitor,Uganda,https://www.monitor.co.ug,https://www.google.com/search?q=site:https://www.monitor.co.ug+Israel,
Daily Nation,Kenya,https://www.nation.co.ke,https://www.google.com/search?q=site:https://www.nation.co.ke+Israel,
Daily Nation,Kenya,https://www.nation.africa,https://www.google.com/search?q=site:https://www.nation.africa+Israel,
Daily Nation,Zambia,https://www.dailynationzambia.com,https://www.google.com/search?q=site:https://www.dailynationzambia.com+Israel,
Daily News,Egypt,https://www.dailynewsegypt.com,https://www.google.com/search?q=site:https://www.dailynewsegypt.com+Israel,
Daily News,Sri Lanka,https://www.dailynews.lk,https://www.google.com/search?q=site:https://www.dailynews.lk+Israel,
Daily Observer,Bangladesh,https://www.observerbd.com,https://www.google.com/search?q=site:https://www.observerbd.com+Israel,
Daily Observer,Gambia,https://observergm.com,https://www.google.com/search?q=site:https://observergm.com+Israel,
Daily Observer,The Gambia,https://www.observer.gm,https://www.google.com/search?q=site:https://www.observer.gm+Israel,
Daily Post,Nigeria,https://dailypost.ng,https://www.google.com/search?q=site:https://dailypost.ng+Israel,
Daily Sabah,Turkey,https://www.dailysabah.com,https://www.google.com/search?q=site:https://www.dailysabah.com+Israel,
Daily Star,Bangladesh,https://www.thedailystar.net,https://www.google.com/search?q=site:https://www.thedailystar.net+Israel,
Daily Star,Lebanon,https://www.dailystar.com.lb,https://www.google.com/search?q=site:https://www.dailystar.com.lb+Israel,
Daily Sun,South Africa,https://www.dailysun.co.za,https://www.google.com/search?q=site:https://www.dailysun.co.za+Israel,
Daily Telegraph,UK,https://www.telegraph.co.uk,https://www.google.com/search?q=site:https://www.telegraph.co.uk+Israel,
Daily Times,Nigeria,https://www.dailytimes.ng,https://www.google.com/search?q=site:https://www.dailytimes.ng+Israel,
Daily Times,Pakistan,https://www.dailytimes.com.pk,https://www.google.com/search?q=site:https://www.dailytimes.com.pk+Israel,
Daily Times,Pakistan,https://dailytimes.com.pk,https://www.google.com/search?q=site:https://dailytimes.com.pk+Israel,
Daily Trust,Nigeria,https://dailytrust.com,https://www.google.com/search?q=site:https://dailytrust.com+Israel,
Dawn,Pakistan,https://www.dawn.com,https://www.google.com/search?q=site:https://www.dawn.com+Israel,
De Standaard,Belgium,https://www.standaard.be,https://www.google.com/search?q=site:https://www.standaard.be+Israel,
De Telegraaf,Netherlands,https://www.telegraaf.nl,https://www.google.com/search?q=site:https://www.telegraaf.nl+Israel,
Deccan Chronicle,India,https://www.deccanchronicle.com,https://www.google.com/search?q=site:https://www.deccanchronicle.com+Israel,
Deccan Herald,India,https://www.deccanherald.com,https://www.google.com/search?q=site:https://www.deccanherald.com+Israel,
Defence News,USA,https://www.defensenews.com,https://www.google.com/search?q=site:https://www.defensenews.com+Israel,
Delo,Slovenia,https://www.delo.si,https://www.google.com/search?q=site:https://www.delo.si+Israel,
Democracy Now!,USA,https://www.democracynow.org,https://www.google.com/search?q=site:https://www.democracynow.org+Israel,
Der Spiegel,Germany,https://www.spiegel.de,https://www.google.com/search?q=site:https://www.spiegel.de+Israel,
Der Standard,Austria,https://www.derstandard.at,https://www.google.com/search?q=site:https://www.derstandard.at+Israel,
Deutsche Welle (DW),Germany,https://www.dw.com,https://www.google.com/search?q=site:https://www.dw.com+Israel,
Deutsche Wirtschafts Nachrichten,Germany,https://www.deutsche-wirtschafts-nachrichten.de,https://www.google.com/search?q=site:https://www.deutsche-wirtschafts-nachrichten.de+Israel,
Diário de Notícias,Mozambique,https://www.jornalnoticias.co.mz,https://www.google.com/search?q=site:https://www.jornalnoticias.co.mz+Israel,
Diário de Notícias,Portugal,https://www.dn.pt,https://www.google.com/search?q=site:https://www.dn.pt+Israel,
Diario de Noticias,Portugal,https://www.dn.pt,https://www.google.com/search?q=site:https://www.dn.pt+Israel,
Diário do Nordeste,Brazil,https://diariodonordeste.verdesmares.com.br,https://www.google.com/search?q=site:https://diariodonordeste.verdesmares.com.br+Israel,
Diário Económico,Portugal,https://www.jornaleconomico.pt,https://www.google.com/search?q=site:https://www.jornaleconomico.pt+Israel,
Die Presse,Austria,https://diepresse.com,https://www.google.com/search?q=site:https://diepresse.com+Israel,
Die Presse,Austria,https://www.diepresse.com,https://www.google.com/search?q=site:https://www.diepresse.com+Israel,
Die Welt,Germany,https://www.welt.de,https://www.google.com/search?q=site:https://www.welt.de+Israel,
Die Zeit,Germany,https://www.zeit.de,https://www.google.com/search?q=site:https://www.zeit.de+Israel,
Digital Journal,Canada,https://www.digitaljournal.com,https://www.google.com/search?q=site:https://www.digitaljournal.com+Israel,
Dnevni Avaz,Bosnia and Herzegovina,https://www.avaz.ba,https://www.google.com/search?q=site:https://www.avaz.ba+Israel,
Dnevnik,Macedonia,https://www.dnevnik.com.mk,https://www.google.com/search?q=site:https://www.dnevnik.com.mk+Israel,
Dominican Today,Dominican Republic,https://dominicantoday.com,https://www.google.com/search?q=site:https://dominicantoday.com+Israel,
Dominion Post,New Zealand,https://www.stuff.co.nz/dominion-post,https://www.google.com/search?q=site:https://www.stuff.co.nz/dominion-post+Israel,
Echorouk Online,Algeria,https://www.echoroukonline.com,https://www.google.com/search?q=site:https://www.echoroukonline.com+Israel,
Eesti Päevaleht,Estonia,https://www.epl.delfi.ee,https://www.google.com/search?q=site:https://www.epl.delfi.ee+Israel,
Eesti Rahvusringhääling,Estonia,https://news.err.ee,https://www.google.com/search?q=site:https://news.err.ee+Israel,
Egypt Independent,Egypt,https://www.egyptindependent.com,https://www.google.com/search?q=site:https://www.egyptindependent.com+Israel,
Ekonomika i Biznes,Russia,https://www.eibnet.ru,https://www.google.com/search?q=site:https://www.eibnet.ru+Israel,
Ekonomika,Latvia,https://www.ekonomika.lv,https://www.google.com/search?q=site:https://www.ekonomika.lv+Israel,
Ekspres,Serbia,https://www.ekspres.net,https://www.google.com/search?q=site:https://www.ekspres.net+Israel,
Ekstra Bladet,Denmark,https://www.ekstrabladet.dk,https://www.google.com/search?q=site:https://www.ekstrabladet.dk+Israel,
Ekstra Bladet,Denmark,https://ekstrabladet.dk,https://www.google.com/search?q=site:https://ekstrabladet.dk+Israel,
El Comercio,Ecuador,https://www.elcomercio.com,https://www.google.com/search?q=site:https://www.elcomercio.com+Israel,
El Comercio,Peru,https://elcomercio.pe,https://www.google.com/search?q=site:https://elcomercio.pe+Israel,
El Correo,Spain,https://www.elcorreo.com,https://www.google.com/search?q=site:https://www.elcorreo.com+Israel,
El Espectador,Colombia,https://www.elespectador.com,https://www.google.com/search?q=site:https://www.elespectador.com+Israel,
El Financiero,Mexico,https://www.elfinanciero.com.mx,https://www.google.com/search?q=site:https://www.elfinanciero.com.mx+Israel,
El Heraldo,Honduras,https://www.elheraldo.hn,https://www.google.com/search?q=site:https://www.elheraldo.hn+Israel,
El Mercurio,Chile,https://www.elmercurio.com,https://www.google.com/search?q=site:https://www.elmercurio.com+Israel,
El Mundo,Spain,https://www.elmundo.es,https://www.google.com/search?q=site:https://www.elmundo.es+Israel,
El Nacional,Republica Dominicana,https://www.elcaribe.com.do,https://www.google.com/search?q=site:https://www.elcaribe.com.do+Israel,
El Nacional,Venezuela,https://www.el-nacional.com,https://www.google.com/search?q=site:https://www.el-nacional.com+Israel,
El Nacional,Venezuela,https://www.elnacional.com,https://www.google.com/search?q=site:https://www.elnacional.com+Israel,
El Nuevo Día,Puerto Rico,https://www.elnuevodia.com,https://www.google.com/search?q=site:https://www.elnuevodia.com+Israel,
El Nuevo Herald,USA,https://www.elnuevoherald.com,https://www.google.com/search?q=site:https://www.elnuevoherald.com+Israel,
El País,Spain,https://elpais.com,https://www.google.com/search?q=site:https://elpais.com+Israel,
El País,Spain,https://www.elpais.com,https://www.google.com/search?q=site:https://www.elpais.com+Israel,
El Sol de México,Mexico,https://www.elsoldemexico.com.mx,https://www.google.com/search?q=site:https://www.elsoldemexico.com.mx+Israel,
El Tiempo,Colombia,https://www.eltiempo.com,https://www.google.com/search?q=site:https://www.eltiempo.com+Israel,
El Universal,Mexico,https://www.eluniversal.com.mx,https://www.google.com/search?q=site:https://www.eluniversal.com.mx+Israel,
El Universal,Venezuela,https://www.eluniversal.com,https://www.google.com/search?q=site:https://www.eluniversal.com+Israel,
El Universo,Ecuador,https://www.eluniverso.com,https://www.google.com/search?q=site:https://www.eluniverso.com+Israel,
Eleven Myanmar,Myanmar,https://elevenmyanmar.com,https://www.google.com/search?q=site:https://elevenmyanmar.com+Israel,
Emarat Al Youm,UAE,https://www.emaratalyoum.com,https://www.google.com/search?q=site:https://www.emaratalyoum.com+Israel,
Epoch Times,USA,https://www.theepochtimes.com,https://www.google.com/search?q=site:https://www.theepochtimes.com+Israel,
Estonian Public Broadcasting,Estonia,https://news.err.ee,https://www.google.com/search?q=site:https://news.err.ee+Israel,
Eswatini Observer,Eswatini,https://www.observer.org.sz,https://www.google.com/search?q=site:https://www.observer.org.sz+Israel,
Etemaad Daily,India,https://www.etemaaddaily.com,https://www.google.com/search?q=site:https://www.etemaaddaily.com+Israel,
Euronews,France,https://www.euronews.com,https://www.google.com/search?q=site:https://www.euronews.com+Israel,
EuroNews,France,https://www.euronews.com,https://www.google.com/search?q=site:https://www.euronews.com+Israel,
Europolitics,Belgium,https://europolitics.info,https://www.google.com/search?q=site:https://europolitics.info+Israel,
Evening Echo,Ireland,https://www.echolive.ie,https://www.google.com/search?q=site:https://www.echolive.ie+Israel,
Evening Standard,UK,https://www.standard.co.uk,https://www.google.com/search?q=site:https://www.standard.co.uk+Israel,
EWN (Eyewitness News),South Africa,https://ewn.co.za,https://www.google.com/search?q=site:https://ewn.co.za+Israel,
Expressen,Sweden,https://www.expressen.se,https://www.google.com/search?q=site:https://www.expressen.se+Israel,
Far Eastern Economic Review,China,https://www.feer.com,https://www.google.com/search?q=site:https://www.feer.com+Israel,
Farm Weekly,Australia,https://www.farmweekly.com.au,https://www.google.com/search?q=site:https://www.farmweekly.com.au+Israel,
Federal News Network,USA,https://federalnewsnetwork.com,https://www.google.com/search?q=site:https://federalnewsnetwork.com+Israel,
Fiji Sun,Fiji,https://www.fijisun.com.fj,https://www.google.com/search?q=site:https://www.fijisun.com.fj+Israel,
Fiji Times,Fiji,https://www.fijitimes.com,https://www.google.com/search?q=site:https://www.fijitimes.com+Israel,
Financial Express,Bangladesh,https://thefinancialexpress.com.bd,https://www.google.com/search?q=site:https://thefinancialexpress.com.bd+Israel,
Financial Express,India,https://www.financialexpress.com,https://www.google.com/search?q=site:https://www.financialexpress.com+Israel,
Financial Post,Canada,https://financialpost.com,https://www.google.com/search?q=site:https://financialpost.com+Israel,
Financial Times Deutschland,Germany,https://www.ftd.de,https://www.google.com/search?q=site:https://www.ftd.de+Israel,
Financial Times,UK,https://www.ft.com,https://www.google.com/search?q=site:https://www.ft.com+Israel,
First News,UK,https://www.firstnews.co.uk,https://www.google.com/search?q=site:https://www.firstnews.co.uk+Israel,
Firstpost,India,https://www.firstpost.com,https://www.google.com/search?q=site:https://www.firstpost.com+Israel,
Focus Taiwan,Taiwan,https://focustaiwan.tw,https://www.google.com/search?q=site:https://focustaiwan.tw+Israel,
Focus,Georgia,https://www.focus.ge,https://www.google.com/search?q=site:https://www.focus.ge+Israel,
Folha de Maputo,Mozambique,https://www.folhademaputo.co.mz,https://www.google.com/search?q=site:https://www.folhademaputo.co.mz+Israel,
Folha de S.Paulo,Brazil,https://www.folha.uol.com.br,https://www.google.com/search?q=site:https://www.folha.uol.com.br+Israel,
Folha de S.Paulo,Brazil,https://www1.folha.uol.com.br,https://www.google.com/search?q=site:https://www1.folha.uol.com.br+Israel,
Forbes,USA,https://www.forbes.com,https://www.google.com/search?q=site:https://www.forbes.com+Israel,
Fortune,USA,https://www.fortune.com,https://www.google.com/search?q=site:https://www.fortune.com+Israel,
Fórum News,Portugal,https://www.forum.pt,https://www.google.com/search?q=site:https://www.forum.pt+Israel,
Fostira Greece,Greece,https://www.fostiragreeknews.com,https://www.google.com/search?q=site:https://www.fostiragreeknews.com+Israel,
Fox News,USA,https://www.foxnews.com,https://www.google.com/search?q=site:https://www.foxnews.com+Israel,
France 24,France,https://www.france24.com,https://www.google.com/search?q=site:https://www.france24.com+Israel,
Franceinfo,France,https://www.francetvinfo.fr,https://www.google.com/search?q=site:https://www.francetvinfo.fr+Israel,
Frankfurter Allgemeine Zeitung,Germany,https://www.faz.net,https://www.google.com/search?q=site:https://www.faz.net+Israel,
Frankfurter Neue Presse,Germany,https://www.fnp.de,https://www.google.com/search?q=site:https://www.fnp.de+Israel,
Frankfurter Rundschau,Germany,https://www.fr.de,https://www.google.com/search?q=site:https://www.fr.de+Israel,
Free Malaysia Today,Malaysia,https://www.freemalaysiatoday.com,https://www.google.com/search?q=site:https://www.freemalaysiatoday.com+Israel,
Freemedia,Azerbaijan,https://www.freemedia.az,https://www.google.com/search?q=site:https://www.freemedia.az+Israel,
Fremont Tribune,USA,https://www.fremonttribune.com,https://www.google.com/search?q=site:https://www.fremonttribune.com+Israel,
Frontier Myanmar,Myanmar,https://frontiermyanmar.net,https://www.google.com/search?q=site:https://frontiermyanmar.net+Israel,
Frontier Myanmar,Myanmar,https://www.frontiermyanmar.net,https://www.google.com/search?q=site:https://www.frontiermyanmar.net+Israel,
Fudzilla,UK,https://www.fudzilla.com,https://www.google.com/search?q=site:https://www.fudzilla.com+Israel,
G1,Brazil,https://g1.globo.com,https://www.google.com/search?q=site:https://g1.globo.com+Israel,
Gazet van Antwerpen,Belgium,https://www.gva.be,https://www.google.com/search?q=site:https://www.gva.be+Israel,
Gazeta Wyborcza,Poland,https://www.wyborcza.pl,https://www.google.com/search?q=site:https://www.wyborcza.pl+Israel,
Geo News,Pakistan,https://www.geo.tv,https://www.google.com/search?q=site:https://www.geo.tv+Israel,
Ghanaian Times,Ghana,https://www.ghanaiantimes.com.gh,https://www.google.com/search?q=site:https://www.ghanaiantimes.com.gh+Israel,
GhanaWeb,Ghana,https://www.ghanaweb.com,https://www.google.com/search?q=site:https://www.ghanaweb.com+Israel,
Gippsland Times,Australia,https://www.gippslandtimes.com.au,https://www.google.com/search?q=site:https://www.gippslandtimes.com.au+Israel,
Gisborne Herald,New Zealand,https://www.gisborneherald.co.nz,https://www.google.com/search?q=site:https://www.gisborneherald.co.nz+Israel,
Global Times,Nigeria,https://globaltimesng.com,https://www.google.com/search?q=site:https://globaltimesng.com+Israel,
GlobalPost,USA,https://theworld.org/sections/globalpost,https://www.google.com/search?q=site:https://theworld.org/sections/globalpost+Israel,
Globe and Mail,Canada,https://www.theglobeandmail.com,https://www.google.com/search?q=site:https://www.theglobeandmail.com+Israel,
GMA News,Philippines,https://www.gmanetwork.com/news,https://www.google.com/search?q=site:https://www.gmanetwork.com/news+Israel,
Gorilla Radio,Canada,https://www.gorillaradioblog.com,https://www.google.com/search?q=site:https://www.gorillaradioblog.com+Israel,
Granma,Cuba,https://en.granma.cu,https://www.google.com/search?q=site:https://en.granma.cu+Israel,
Guam Daily Post,Guam,https://www.postguam.com,https://www.google.com/search?q=site:https://www.postguam.com+Israel,
Guangming Daily,China,https://en.gmw.cn,https://www.google.com/search?q=site:https://en.gmw.cn+Israel,
Gulf Daily News,Bahrain,https://www.gdnonline.com,https://www.google.com/search?q=site:https://www.gdnonline.com+Israel,
Gulf News,UAE,https://www.gulfnews.com,https://www.google.com/search?q=site:https://www.gulfnews.com+Israel,
Gulf News,UAE,https://gulfnews.com,https://www.google.com/search?q=site:https://gulfnews.com+Israel,
Gulf Times,Qatar,https://www.gulf-times.com,https://www.google.com/search?q=site:https://www.gulf-times.com+Israel,
Gulf Today,UAE,https://www.gulftoday.ae,https://www.google.com/search?q=site:https://www.gulftoday.ae+Israel,
Ha Noi Moi,Vietnam,https://www.hanoimoi.com.vn,https://www.google.com/search?q=site:https://www.hanoimoi.com.vn+Israel,
Haaretz,Israel,https://www.haaretz.com,https://www.google.com/search?q=site:https://www.haaretz.com+Israel,
Habertürk,Turkey,https://www.haberturk.com,https://www.google.com/search?q=site:https://www.haberturk.com+Israel,
Haitian Times,Haiti,https://haitiantimes.com,https://www.google.com/search?q=site:https://haitiantimes.com+Israel,
Hankyoreh,South Korea,https://english.hani.co.kr,https://www.google.com/search?q=site:https://english.hani.co.kr+Israel,
Harian Metro,Malaysia,https://www.hmetro.com.my,https://www.google.com/search?q=site:https://www.hmetro.com.my+Israel,
Harian Republika,Indonesia,https://www.republika.co.id,https://www.google.com/search?q=site:https://www.republika.co.id+Israel,
Havana Times,Cuba,https://www.havanatimes.org,https://www.google.com/search?q=site:https://www.havanatimes.org+Israel,
Hawaii News Now,USA,https://www.hawaiinewsnow.com,https://www.google.com/search?q=site:https://www.hawaiinewsnow.com+Israel,
Hawaii Tribune-Herald,USA,https://www.hawaiitribune-herald.com,https://www.google.com/search?q=site:https://www.hawaiitribune-herald.com+Israel,
Helsingin Sanomat,Finland,https://www.hs.fi,https://www.google.com/search?q=site:https://www.hs.fi+Israel,
Helsinki Times,Finland,https://www.helsinkitimes.fi,https://www.google.com/search?q=site:https://www.helsinkitimes.fi+Israel,
Herald Live,South Africa,https://www.heraldlive.co.za,https://www.google.com/search?q=site:https://www.heraldlive.co.za+Israel,
Herald Scotland,UK,https://www.heraldscotland.com,https://www.google.com/search?q=site:https://www.heraldscotland.com+Israel,
Herald Sun,Australia,https://www.heraldsun.com.au,https://www.google.com/search?q=site:https://www.heraldsun.com.au+Israel,
Het Financieele Dagblad,Netherlands,https://fd.nl,https://www.google.com/search?q=site:https://fd.nl+Israel,
Het Laatste Nieuws,Belgium,https://www.hln.be,https://www.google.com/search?q=site:https://www.hln.be+Israel,
Hindustan Times,India,https://www.hindustantimes.com,https://www.google.com/search?q=site:https://www.hindustantimes.com+Israel,
Hindustan,Hindi,https://www.livehindustan.com,https://www.google.com/search?q=site:https://www.livehindustan.com+Israel,
Hong Kong Free Press,Hong Kong,https://www.hongkongfp.com,https://www.google.com/search?q=site:https://www.hongkongfp.com+Israel,
Honiara Solomon Star,Solomon Islands,https://www.solomonstarnews.com,https://www.google.com/search?q=site:https://www.solomonstarnews.com+Israel,
Hotnews,Romania,https://www.hotnews.ro,https://www.google.com/search?q=site:https://www.hotnews.ro+Israel,
Houston Chronicle,USA,https://www.houstonchronicle.com,https://www.google.com/search?q=site:https://www.houstonchronicle.com+Israel,
Hürriyet Daily News,Turkey,https://www.hurriyetdailynews.com,https://www.google.com/search?q=site:https://www.hurriyetdailynews.com+Israel,
Hurriyet Daily News,Turkey,https://www.hurriyetdailynews.com,https://www.google.com/search?q=site:https://www.hurriyetdailynews.com+Israel,
Hürriyet,Turkey,https://www.hurriyetdailynews.com,https://www.google.com/search?q=site:https://www.hurriyetdailynews.com+Israel,
Iceland Review,Iceland,https://www.icelandreview.com,https://www.google.com/search?q=site:https://www.icelandreview.com+Israel,
Il Fatto Quotidiano,Italy,https://www.ilfattoquotidiano.it,https://www.google.com/search?q=site:https://www.ilfattoquotidiano.it+Israel,
Il Giornale d'Italia,Italy,https://www.ilgiornaleditalia.it,https://www.google.com/search?q=site:https://www.ilgiornaleditalia.it+Israel,
Il Giorno,Italy,https://www.ilgiorno.it,https://www.google.com/search?q=site:https://www.ilgiorno.it+Israel,
Il Manifesto,Italy,https://ilmanifesto.it,https://www.google.com/search?q=site:https://ilmanifesto.it+Israel,
Il Mattino,Italy,https://www.ilmattino.it,https://www.google.com/search?q=site:https://www.ilmattino.it+Israel,
Il Sole 24 Ore,Italy,https://www.ilsole24ore.com,https://www.google.com/search?q=site:https://www.ilsole24ore.com+Israel,
Ilta-Sanomat,Finland,https://www.is.fi,https://www.google.com/search?q=site:https://www.is.fi+Israel,
India Narrative,India,https://www.indianarrative.com,https://www.google.com/search?q=site:https://www.indianarrative.com+Israel,
India Times,India,https://www.indiatimes.com,https://www.google.com/search?q=site:https://www.indiatimes.com+Israel,
India Today,India,https://www.indiatoday.in,https://www.google.com/search?q=site:https://www.indiatoday.in+Israel,
India TV,India,https://www.indiatvnews.com,https://www.google.com/search?q=site:https://www.indiatvnews.com+Israel,
Indian Country Today,USA,https://indiancountrytoday.com,https://www.google.com/search?q=site:https://indiancountrytoday.com+Israel,
Indian Express,India,https://www.indianexpress.com,https://www.google.com/search?q=site:https://www.indianexpress.com+Israel,
Indian Express,India,https://indianexpress.com,https://www.google.com/search?q=site:https://indianexpress.com+Israel,
Indianapolis Recorder,USA,https://indianapolisrecorder.com,https://www.google.com/search?q=site:https://indianapolisrecorder.com+Israel,
Indianapolis Star,USA,https://www.indystar.com,https://www.google.com/search?q=site:https://www.indystar.com+Israel,
Infobae America,Argentina,https://www.infobae.com/america,https://www.google.com/search?q=site:https://www.infobae.com/america+Israel,
Infobae,Argentina,https://www.infobae.com,https://www.google.com/search?q=site:https://www.infobae.com+Israel,
InfoMigrants,Germany,https://www.infomigrants.net,https://www.google.com/search?q=site:https://www.infomigrants.net+Israel,
Inter Press Service,Italy,https://www.ipsnews.net,https://www.google.com/search?q=site:https://www.ipsnews.net+Israel,
Interaksyon,Philippines,https://www.interaksyon.philstar.com,https://www.google.com/search?q=site:https://www.interaksyon.philstar.com+Israel,
Interfax,Russia,https://www.interfax.com,https://www.google.com/search?q=site:https://www.interfax.com+Israel,
IOL News,South Africa,https://www.iol.co.za,https://www.google.com/search?q=site:https://www.iol.co.za+Israel,
Iran International,Iran,https://www.iranintl.com,https://www.google.com/search?q=site:https://www.iranintl.com+Israel,
Irish Examiner,Ireland,https://www.irishexaminer.com,https://www.google.com/search?q=site:https://www.irishexaminer.com+Israel,
Irish Independent,Ireland,https://www.independent.ie,https://www.google.com/search?q=site:https://www.independent.ie+Israel,
Irish Times,Ireland,https://www.irishtimes.com,https://www.google.com/search?q=site:https://www.irishtimes.com+Israel,
Israel Business News,Israel,https://www.globes.co.il,https://www.google.com/search?q=site:https://www.globes.co.il+Israel,
Israel Hayom,Israel,https://www.israelhayom.com,https://www.google.com/search?q=site:https://www.israelhayom.com+Israel,
Israel National News,Israel,https://www.israelnationalnews.com,https://www.google.com/search?q=site:https://www.israelnationalnews.com+Israel,
Jakarta Globe,Indonesia,https://www.thejakartaglobe.com,https://www.google.com/search?q=site:https://www.thejakartaglobe.com+Israel,
Jakarta Post,Indonesia,https://www.thejakartapost.com,https://www.google.com/search?q=site:https://www.thejakartapost.com+Israel,
Jamaica Gleaner,Jamaica,https://www.jamaica-gleaner.com,https://www.google.com/search?q=site:https://www.jamaica-gleaner.com+Israel,
Jamaica Observer,Jamaica,https://www.jamaicaobserver.com,https://www.google.com/search?q=site:https://www.jamaicaobserver.com+Israel,
Janata Weekly,India,https://www.janataweekly.org,https://www.google.com/search?q=site:https://www.janataweekly.org+Israel,
Jang Newspaper,Pakistan,https://jang.com.pk,https://www.google.com/search?q=site:https://jang.com.pk+Israel,
Japan News,Japan,https://the-japan-news.com,https://www.google.com/search?q=site:https://the-japan-news.com+Israel,
Japan Times,Japan,https://www.japantimes.co.jp,https://www.google.com/search?q=site:https://www.japantimes.co.jp+Israel,
Jerusalem Post,Israel,https://www.jpost.com,https://www.google.com/search?q=site:https://www.jpost.com+Israel,
Jeune Afrique,Cote d'Ivoire,https://www.jeuneafrique.com,https://www.google.com/search?q=site:https://www.jeuneafrique.com+Israel,
Jeune Afrique,France,https://www.jeuneafrique.com,https://www.google.com/search?q=site:https://www.jeuneafrique.com+Israel,
Jiji Press,Japan,https://www.jiji.com,https://www.google.com/search?q=site:https://www.jiji.com+Israel,
Jordan News,Jordan,https://www.jordannews.jo,https://www.google.com/search?q=site:https://www.jordannews.jo+Israel,
Jordan Times,Jordan,https://www.jordantimes.com,https://www.google.com/search?q=site:https://www.jordantimes.com+Israel,
Jornal de Angola,Angola,https://www.jornaldeangola.ao,https://www.google.com/search?q=site:https://www.jornaldeangola.ao+Israel,
Jornal de Notícias,Portugal,https://www.jn.pt,https://www.google.com/search?q=site:https://www.jn.pt+Israel,
Jornal do Brasil,Brazil,https://www.jb.com.br,https://www.google.com/search?q=site:https://www.jb.com.br+Israel,
Kathimerini,Cyprus,https://www.kathimerini.com.cy,https://www.google.com/search?q=site:https://www.kathimerini.com.cy+Israel,
Kathimerini,Greece,https://www.ekathimerini.com,https://www.google.com/search?q=site:https://www.ekathimerini.com+Israel,
Kathmandu Post,Nepal,https://kathmandupost.ekantipur.com,https://www.google.com/search?q=site:https://kathmandupost.ekantipur.com+Israel,
Kathmandu Post,Nepal,https://www.kathmandupost.ekantipur.com,https://www.google.com/search?q=site:https://www.kathmandupost.ekantipur.com+Israel,
Kathmandu Post,Nepal,https://kathmandupost.com,https://www.google.com/search?q=site:https://kathmandupost.com+Israel,
Kathmandu Tribune,Nepal,https://kathmandutribune.com,https://www.google.com/search?q=site:https://kathmandutribune.com+Israel,
Kazinform,Kazakhstan,https://www.inform.kz,https://www.google.com/search?q=site:https://www.inform.kz+Israel,
KBS World,South Korea,https://world.kbs.co.kr,https://www.google.com/search?q=site:https://world.kbs.co.kr+Israel,
Khaleej Times,UAE,https://www.khaleejtimes.com,https://www.google.com/search?q=site:https://www.khaleejtimes.com+Israel,
Khmer Times,Cambodia,https://www.khmertimeskh.com,https://www.google.com/search?q=site:https://www.khmertimeskh.com+Israel,
Kommersant,Russia,https://www.kommersant.ru,https://www.google.com/search?q=site:https://www.kommersant.ru+Israel,
Kompas,Indonesia,https://www.kompas.com,https://www.google.com/search?q=site:https://www.kompas.com+Israel,
Korea Times,South Korea,https://www.koreatimes.co.kr,https://www.google.com/search?q=site:https://www.koreatimes.co.kr+Israel,
Kosovo 2.0,Kosovo,https://kosovotwopointzero.com,https://www.google.com/search?q=site:https://kosovotwopointzero.com+Israel,
Kuwait News Agency (KUNA),Kuwait,https://www.kuna.net.kw,https://www.google.com/search?q=site:https://www.kuna.net.kw+Israel,
Kuwait Times,Kuwait,https://www.kuwaittimes.net,https://www.google.com/search?q=site:https://www.kuwaittimes.net+Israel,
Kuwait Times,Kuwait,https://www.kuwaittimes.com,https://www.google.com/search?q=site:https://www.kuwaittimes.com+Israel,
Kyiv Post,Ukraine,https://www.kyivpost.com,https://www.google.com/search?q=site:https://www.kyivpost.com+Israel,
Kyodo News,Japan,https://english.kyodonews.net,https://www.google.com/search?q=site:https://english.kyodonews.net+Israel,
L’Echo,Belgium,https://www.lecho.be,https://www.google.com/search?q=site:https://www.lecho.be+Israel,
L'Express,France,https://www.lexpress.fr,https://www.google.com/search?q=site:https://www.lexpress.fr+Israel,
L'Orient-Le Jour,Lebanon,https://www.lorientlejour.com,https://www.google.com/search?q=site:https://www.lorientlejour.com+Israel,
L'Osservatore Romano,Vatican City,https://www.osservatoreromano.va,https://www.google.com/search?q=site:https://www.osservatoreromano.va+Israel,
La Capital,Argentina,https://www.lacapital.com.ar,https://www.google.com/search?q=site:https://www.lacapital.com.ar+Israel,
La Gaceta,Argentina,https://www.lagaceta.com.ar,https://www.google.com/search?q=site:https://www.lagaceta.com.ar+Israel,
La Jornada,Mexico,https://www.jornada.com.mx,https://www.google.com/search?q=site:https://www.jornada.com.mx+Israel,
La Libre Belgique,Belgium,https://www.lalibre.be,https://www.google.com/search?q=site:https://www.lalibre.be+Israel,
La Nación,Argentina,https://www.lanacion.com.ar,https://www.google.com/search?q=site:https://www.lanacion.com.ar+Israel,
La Nacion,Chile,https://lanacion.cl,https://www.google.com/search?q=site:https://lanacion.cl+Israel,
La Nacion,Costa Rica,https://www.nacion.com,https://www.google.com/search?q=site:https://www.nacion.com+Israel,
La Nación,Paraguay,https://www.lanacion.com.py,https://www.google.com/search?q=site:https://www.lanacion.com.py+Israel,
La Nueva Provincia,Argentina,https://www.lanueva.com,https://www.google.com/search?q=site:https://www.lanueva.com+Israel,
La Prensa,Honduras,https://www.laprensa.hn,https://www.google.com/search?q=site:https://www.laprensa.hn+Israel,
La Prensa,Panama,https://www.prensa.com,https://www.google.com/search?q=site:https://www.prensa.com+Israel,
La Presse,Canada,https://www.lapresse.ca,https://www.google.com/search?q=site:https://www.lapresse.ca+Israel,
La Razón,Bolivia,https://www.la-razon.com,https://www.google.com/search?q=site:https://www.la-razon.com+Israel,
La Repubblica,Italy,https://www.repubblica.it,https://www.google.com/search?q=site:https://www.repubblica.it+Israel,
La Republica,Peru,https://www.larepublica.pe,https://www.google.com/search?q=site:https://www.larepublica.pe+Israel,
La República,Peru,https://www.larepublica.pe,https://www.google.com/search?q=site:https://www.larepublica.pe+Israel,
La República,Uruguay,https://www.larepublica.com.uy,https://www.google.com/search?q=site:https://www.larepublica.com.uy+Israel,
La Tercera,Chile,https://www.latercera.com,https://www.google.com/search?q=site:https://www.latercera.com+Israel,
La Tribuna,Honduras,https://www.latribuna.hn,https://www.google.com/search?q=site:https://www.latribuna.hn+Israel,
La Vanguardia,Spain,https://www.lavanguardia.com,https://www.google.com/search?q=site:https://www.lavanguardia.com+Israel,
Lapresse Canada,Canada,https://www.lapresse.ca,https://www.google.com/search?q=site:https://www.lapresse.ca+Israel,
Latvijas Avize,Latvia,https://www.la.lv,https://www.google.com/search?q=site:https://www.la.lv+Israel,
LBCI News,Lebanon,https://www.lbcgroup.tv,https://www.google.com/search?q=site:https://www.lbcgroup.tv+Israel,
Le Devoir,Canada,https://www.ledevoir.com,https://www.google.com/search?q=site:https://www.ledevoir.com+Israel,
Le Figaro,France,https://www.lefigaro.fr,https://www.google.com/search?q=site:https://www.lefigaro.fr+Israel,
Le Matin,Morocco,https://lematin.ma,https://www.google.com/search?q=site:https://lematin.ma+Israel,
Le Monde Afrique,France,https://www.lemonde.fr/afrique,https://www.google.com/search?q=site:https://www.lemonde.fr/afrique+Israel,
Le Monde Diplomatique,France,https://mondediplo.com,https://www.google.com/search?q=site:https://mondediplo.com+Israel,
Le Monde,France,https://www.lemonde.fr,https://www.google.com/search?q=site:https://www.lemonde.fr+Israel,
Le Soir,Belgium,https://www.lesoir.be,https://www.google.com/search?q=site:https://www.lesoir.be+Israel,
Le Temps,Switzerland,https://www.letemps.ch,https://www.google.com/search?q=site:https://www.letemps.ch+Israel,
Lenta.ru,Russia,https://lenta.ru,https://www.google.com/search?q=site:https://lenta.ru+Israel,
Les Dépêches de Brazzaville,Congo,https://www.lesdepechesdebrazzaville.fr,https://www.google.com/search?q=site:https://www.lesdepechesdebrazzaville.fr+Israel,
Les Echos,France,https://www.lesechos.fr,https://www.google.com/search?q=site:https://www.lesechos.fr+Israel,
Liberation News,USA,https://www.liberationnews.org,https://www.google.com/search?q=site:https://www.liberationnews.org+Israel,
Liberation,France,https://www.liberation.fr,https://www.google.com/search?q=site:https://www.liberation.fr+Israel,
Libération,France,https://www.liberation.fr,https://www.google.com/search?q=site:https://www.liberation.fr+Israel,
Libya Observer,Libya,https://www.libyaobserver.ly,https://www.google.com/search?q=site:https://www.libyaobserver.ly+Israel,
Lidové noviny,Czech Republic,https://www.lidovky.cz,https://www.google.com/search?q=site:https://www.lidovky.cz+Israel,
Los Angeles Times,USA,https://www.latimes.com,https://www.google.com/search?q=site:https://www.latimes.com+Israel,
Macau Daily Times,Macau,https://macaudailytimes.com.mo,https://www.google.com/search?q=site:https://macaudailytimes.com.mo+Israel,
Macau News,Macau,https://www.macauhub.com.mo,https://www.google.com/search?q=site:https://www.macauhub.com.mo+Israel,
Mail & Guardian,South Africa,https://www.mg.co.za,https://www.google.com/search?q=site:https://www.mg.co.za+Israel,
Mail & Guardian,South Africa,https://mg.co.za,https://www.google.com/search?q=site:https://mg.co.za+Israel,
Mail Today,India,https://www.mailtoday.in,https://www.google.com/search?q=site:https://www.mailtoday.in+Israel,
Malawi Voice,Malawi,https://www.malawivoice.com,https://www.google.com/search?q=site:https://www.malawivoice.com+Israel,
Malawi24,Malawi,https://www.malawi24.com,https://www.google.com/search?q=site:https://www.malawi24.com+Israel,
Malay Mail,Malaysia,https://www.malaymail.com,https://www.google.com/search?q=site:https://www.malaymail.com+Israel,
Malta Today,Malta,https://www.maltatoday.com.mt,https://www.google.com/search?q=site:https://www.maltatoday.com.mt+Israel,
Manila Bulletin,Philippines,https://www.mb.com.ph,https://www.google.com/search?q=site:https://www.mb.com.ph+Israel,
Manila Standard,Philippines,https://www.manilastandard.net,https://www.google.com/search?q=site:https://www.manilastandard.net+Israel,
MarketWatch,USA,https://www.marketwatch.com,https://www.google.com/search?q=site:https://www.marketwatch.com+Israel,
Maroc Hebdo,Morocco,https://maroc-hebdo.press.ma,https://www.google.com/search?q=site:https://maroc-hebdo.press.ma+Israel,
Mercopress,Uruguay,https://en.mercopress.com,https://www.google.com/search?q=site:https://en.mercopress.com+Israel,
Metro News,Canada,https://www.metronews.ca,https://www.google.com/search?q=site:https://www.metronews.ca+Israel,
Miami Herald,USA,https://www.miamiherald.com,https://www.google.com/search?q=site:https://www.miamiherald.com+Israel,
Miami Times,USA,https://www.miamitimesonline.com,https://www.google.com/search?q=site:https://www.miamitimesonline.com+Israel,
Middle East Eye,UK,https://www.middleeasteye.net,https://www.google.com/search?q=site:https://www.middleeasteye.net+Israel,
Middle East Monitor,UK,https://www.middleeastmonitor.com,https://www.google.com/search?q=site:https://www.middleeastmonitor.com+Israel,
Midlands News,Zimbabwe,https://www.midlandsnews.co.zw,https://www.google.com/search?q=site:https://www.midlandsnews.co.zw+Israel,
Milliyet,Turkey,https://www.milliyet.com.tr,https://www.google.com/search?q=site:https://www.milliyet.com.tr+Israel,
Mint Press News,USA,https://www.mintpressnews.com,https://www.google.com/search?q=site:https://www.mintpressnews.com+Israel,
Mint,India,https://www.livemint.com,https://www.google.com/search?q=site:https://www.livemint.com+Israel,
Mirror,Nigeria,https://www.mirrorng.com,https://www.google.com/search?q=site:https://www.mirrorng.com+Israel,
Mizzima News,Myanmar,https://www.mizzima.com,https://www.google.com/search?q=site:https://www.mizzima.com+Israel,
Mizzima,Myanmar,https://www.mizzima.com,https://www.google.com/search?q=site:https://www.mizzima.com+Israel,
Mmegi,Botswana,https://www.mmegi.bw,https://www.google.com/search?q=site:https://www.mmegi.bw+Israel,
Modern Ghana,Ghana,https://www.modernghana.com,https://www.google.com/search?q=site:https://www.modernghana.com+Israel,
Monitor,Uganda,https://www.monitor.co.ug,https://www.google.com/search?q=site:https://www.monitor.co.ug+Israel,
Morocco World News,Morocco,https://www.moroccoworldnews.com,https://www.google.com/search?q=site:https://www.moroccoworldnews.com+Israel,
Moscow Times,Russia,https://www.themoscowtimes.com,https://www.google.com/search?q=site:https://www.themoscowtimes.com+Israel,
Myanmar Now,Myanmar,https://www.myanmar-now.org,https://www.google.com/search?q=site:https://www.myanmar-now.org+Israel,
Myanmar Times,Myanmar,https://www.mmtimes.com,https://www.google.com/search?q=site:https://www.mmtimes.com+Israel,
Myjoyonline,Ghana,https://www.myjoyonline.com,https://www.google.com/search?q=site:https://www.myjoyonline.com+Israel,
Naija News,Nigeria,https://www.naijanews.com,https://www.google.com/search?q=site:https://www.naijanews.com+Israel,
Nairobi Star,Kenya,https://www.the-star.co.ke,https://www.google.com/search?q=site:https://www.the-star.co.ke+Israel,
Nasdaq,USA,https://www.nasdaq.com,https://www.google.com/search?q=site:https://www.nasdaq.com+Israel,
Nation News,Barbados,https://www.nationnews.com,https://www.google.com/search?q=site:https://www.nationnews.com+Israel,
National Post,Canada,https://www.nationalpost.com,https://www.google.com/search?q=site:https://www.nationalpost.com+Israel,
National Public Radio (NPR),USA,https://www.npr.org,https://www.google.com/search?q=site:https://www.npr.org+Israel,
National,Scotland,https://www.thenational.scot,https://www.google.com/search?q=site:https://www.thenational.scot+Israel,
Navbharat Times,India,https://navbharattimes.indiatimes.com,https://www.google.com/search?q=site:https://navbharattimes.indiatimes.com+Israel,
NBC News,USA,https://www.nbcnews.com,https://www.google.com/search?q=site:https://www.nbcnews.com+Israel,
NDTV,India,https://www.ndtv.com,https://www.google.com/search?q=site:https://www.ndtv.com+Israel,
Neue Zürcher Zeitung (NZZ),Switzerland,https://www.nzz.ch,https://www.google.com/search?q=site:https://www.nzz.ch+Israel,
New Era,Namibia,https://www.newera.com.na,https://www.google.com/search?q=site:https://www.newera.com.na+Israel,
New Frame,South Africa,https://www.newframe.com,https://www.google.com/search?q=site:https://www.newframe.com+Israel,
New Straits Times,Malaysia,https://www.nst.com.my,https://www.google.com/search?q=site:https://www.nst.com.my+Israel,
New York Post,USA,https://nypost.com,https://www.google.com/search?q=site:https://nypost.com+Israel,
New York Times,USA,https://www.nytimes.com,https://www.google.com/search?q=site:https://www.nytimes.com+Israel,
New Zealand Herald,New Zealand,https://www.nzherald.co.nz,https://www.google.com/search?q=site:https://www.nzherald.co.nz+Israel,
New Zimbabwe,Zimbabwe,https://www.newzimbabwe.com,https://www.google.com/search?q=site:https://www.newzimbabwe.com+Israel,
News 18,India,https://www.news18.com,https://www.google.com/search?q=site:https://www.news18.com+Israel,
News 24,South Africa,https://www.news24.com,https://www.google.com/search?q=site:https://www.news24.com+Israel,
News Ghana,Ghana,https://newsghana.com.gh,https://www.google.com/search?q=site:https://newsghana.com.gh+Israel,
News Tribune,USA,https://www.newstribune.com,https://www.google.com/search?q=site:https://www.newstribune.com+Israel,
News.com.au,Australia,https://www.news.com.au,https://www.google.com/search?q=site:https://www.news.com.au+Israel,
News24,South Africa,https://www.news24.com,https://www.google.com/search?q=site:https://www.news24.com+Israel,
Newsday,USA,https://www.newsday.com,https://www.google.com/search?q=site:https://www.newsday.com+Israel,
NewsDay,Zimbabwe,https://www.newsday.co.zw,https://www.google.com/search?q=site:https://www.newsday.co.zw+Israel,
Newshub,New Zealand,https://www.newshub.co.nz,https://www.google.com/search?q=site:https://www.newshub.co.nz+Israel,
NewspaperDirect,Canada,https://www.newspaperdirect.com,https://www.google.com/search?q=site:https://www.newspaperdirect.com+Israel,
Newsroom,New Zealand,https://www.newsroom.co.nz,https://www.google.com/search?q=site:https://www.newsroom.co.nz+Israel,
NHK News,Japan,https://www3.nhk.or.jp/nhkworld/en,https://www.google.com/search?q=site:https://www3.nhk.or.jp/nhkworld/en+Israel,
Nigerian Tribune,Nigeria,https://tribuneonlineng.com,https://www.google.com/search?q=site:https://tribuneonlineng.com+Israel,
Nikkei Asia,Japan,https://asia.nikkei.com,https://www.google.com/search?q=site:https://asia.nikkei.com+Israel,
Nine News,Australia,https://www.9news.com.au,https://www.google.com/search?q=site:https://www.9news.com.au+Israel,
Norman Transcript,USA,https://www.normantranscript.com,https://www.google.com/search?q=site:https://www.normantranscript.com+Israel,
North Korea Times,North Korea,https://www.northkoreatimes.com,https://www.google.com/search?q=site:https://www.northkoreatimes.com+Israel,
North Queensland Register,Australia,https://www.northqueenslandregister.com.au,https://www.google.com/search?q=site:https://www.northqueenslandregister.com.au+Israel,
North West Star,Australia,https://www.northweststar.com.au,https://www.google.com/search?q=site:https://www.northweststar.com.au+Israel,
Noticias Caracol,Colombia,https://noticias.caracoltv.com,https://www.google.com/search?q=site:https://noticias.caracoltv.com+Israel,
Nova Makedonija,North Macedonia,https://novamakedonija.com.mk,https://www.google.com/search?q=site:https://novamakedonija.com.mk+Israel,
Novaya Gazeta,Russia,https://novayagazeta.ru,https://www.google.com/search?q=site:https://novayagazeta.ru+Israel,
NRC Handelsblad,Netherlands,https://www.nrc.nl,https://www.google.com/search?q=site:https://www.nrc.nl+Israel,
NRC,Netherlands,https://www.nrc.nl,https://www.google.com/search?q=site:https://www.nrc.nl+Israel,
NRK,Norway,https://www.nrk.no,https://www.google.com/search?q=site:https://www.nrk.no+Israel,
NZ Herald,New Zealand,https://www.nzherald.co.nz,https://www.google.com/search?q=site:https://www.nzherald.co.nz+Israel,
O Estado de S. Paulo,Brazil,https://www.estadao.com.br,https://www.google.com/search?q=site:https://www.estadao.com.br+Israel,
O Globo,Brazil,https://oglobo.globo.com,https://www.google.com/search?q=site:https://oglobo.globo.com+Israel,
Observer,Uganda,https://www.observer.ug,https://www.google.com/search?q=site:https://www.observer.ug+Israel,
Observer,Uganda,https://observer.ug,https://www.google.com/search?q=site:https://observer.ug+Israel,
Origo,Hungary,https://www.origo.hu,https://www.google.com/search?q=site:https://www.origo.hu+Israel,
Orinoco Tribune,Venezuela,https://orinocotribune.com,https://www.google.com/search?q=site:https://orinocotribune.com+Israel,
Pakistan Today,Pakistan,https://www.pakistantoday.com.pk,https://www.google.com/search?q=site:https://www.pakistantoday.com.pk+Israel,
Pattaya Mail,Thailand,https://www.pattayamail.com,https://www.google.com/search?q=site:https://www.pattayamail.com+Israel,
People's Daily,China,https://en.people.cn,https://www.google.com/search?q=site:https://en.people.cn+Israel,
Periódico,Spain,https://www.elperiodico.com,https://www.google.com/search?q=site:https://www.elperiodico.com+Israel,
Philippine Daily Inquirer,Philippines,https://www.inquirer.net,https://www.google.com/search?q=site:https://www.inquirer.net+Israel,
Philippine Star,Philippines,https://www.philstar.com,https://www.google.com/search?q=site:https://www.philstar.com+Israel,
Politico,USA,https://www.politico.com,https://www.google.com/search?q=site:https://www.politico.com+Israel,
Politiken,Denmark,https://politiken.dk,https://www.google.com/search?q=site:https://politiken.dk+Israel,
Pravda,Slovakia,https://www.pravda.sk,https://www.google.com/search?q=site:https://www.pravda.sk+Israel,
Prensa Libre,Guatemala,https://www.prensalibre.com,https://www.google.com/search?q=site:https://www.prensalibre.com+Israel,
,,,,
Pulse Nigeria,Nigeria,https://www.pulse.ng,https://www.google.com/search?q=site:https://www.pulse.ng+Israel,
Radio Free Asia,USA,https://www.rfa.org,https://www.google.com/search?q=site:https://www.rfa.org+Israel,
Radio New Zealand,New Zealand,https://www.rnz.co.nz,https://www.google.com/search?q=site:https://www.rnz.co.nz+Israel,
Rappler,Philippines,https://www.rappler.com,https://www.google.com/search?q=site:https://www.rappler.com+Israel,
RBC,Russia,https://www.rbc.ru,https://www.google.com/search?q=site:https://www.rbc.ru+Israel,
Record,Mexico,https://www.record.com.mx,https://www.google.com/search?q=site:https://www.record.com.mx+Israel,
Rediff,India,https://www.rediff.com,https://www.google.com/search?q=site:https://www.rediff.com+Israel,
Reuters,UK,https://www.reuters.com,https://www.google.com/search?q=site:https://www.reuters.com+Israel,
RFE/RL,USA,https://www.rferl.org,https://www.google.com/search?q=site:https://www.rferl.org+Israel,
RFI (Radio France Internationale),France,https://www.rfi.fr/en,https://www.google.com/search?q=site:https://www.rfi.fr/en+Israel,
Ritzau,Denmark,https://ritzau.dk,https://www.google.com/search?q=site:https://ritzau.dk+Israel,
RPP Noticias,Peru,https://rpp.pe,https://www.google.com/search?q=site:https://rpp.pe+Israel,
RT (Russia Today),Russia,https://www.rt.com,https://www.google.com/search?q=site:https://www.rt.com+Israel,
RT,Russia,https://www.rt.com,https://www.google.com/search?q=site:https://www.rt.com+Israel,
SABC News,South Africa,https://www.sabcnews.com,https://www.google.com/search?q=site:https://www.sabcnews.com+Israel,
Salt Lake Tribune,USA,https://www.sltrib.com,https://www.google.com/search?q=site:https://www.sltrib.com+Israel,
Saudi Gazette,Saudi Arabia,https://www.saudigazette.com.sa,https://www.google.com/search?q=site:https://www.saudigazette.com.sa+Israel,
Scoop,New Zealand,https://www.scoop.co.nz,https://www.google.com/search?q=site:https://www.scoop.co.nz+Israel,
Scotsman,UK,https://www.scotsman.com,https://www.google.com/search?q=site:https://www.scotsman.com+Israel,
Shabelle Media Network,Somalia,https://shabellenews.com,https://www.google.com/search?q=site:https://shabellenews.com+Israel,
Sheffield Telegraph,UK,https://www.sheffieldtelegraph.co.uk,https://www.google.com/search?q=site:https://www.sheffieldtelegraph.co.uk+Israel,
Shropshire Star,UK,https://www.shropshirestar.com,https://www.google.com/search?q=site:https://www.shropshirestar.com+Israel,
Sina News,China,https://english.sina.com,https://www.google.com/search?q=site:https://english.sina.com+Israel,
Sky News,UK,https://news.sky.com,https://www.google.com/search?q=site:https://news.sky.com+Israel,
South China Morning Post,Hong Kong,https://www.scmp.com,https://www.google.com/search?q=site:https://www.scmp.com+Israel,
Sowetan,South Africa,https://www.sowetanlive.co.za,https://www.google.com/search?q=site:https://www.sowetanlive.co.za+Israel,
Standard,Kenya,https://www.standardmedia.co.ke,https://www.google.com/search?q=site:https://www.standardmedia.co.ke+Israel,
Stratfor,USA,https://www.stratfor.com,https://www.google.com/search?q=site:https://www.stratfor.com+Israel,
Stuff,New Zealand,https://www.stuff.co.nz,https://www.google.com/search?q=site:https://www.stuff.co.nz+Israel,
Stuttgarter Zeitung,Germany,https://www.stuttgarter-zeitung.de,https://www.google.com/search?q=site:https://www.stuttgarter-zeitung.de+Israel,
Sudan Tribune,Sudan,https://www.sudantribune.com,https://www.google.com/search?q=site:https://www.sudantribune.com+Israel,
Süddeutsche Zeitung,Germany,https://www.sueddeutsche.de,https://www.google.com/search?q=site:https://www.sueddeutsche.de+Israel,
Sunday Standard,Botswana,https://www.sundaystandard.info,https://www.google.com/search?q=site:https://www.sundaystandard.info+Israel,
Swissinfo,Switzerland,https://www.swissinfo.ch,https://www.google.com/search?q=site:https://www.swissinfo.ch+Israel,
Sydney Morning Herald,Australia,https://www.smh.com.au,https://www.google.com/search?q=site:https://www.smh.com.au+Israel,
Taipei Times,Taiwan,https://www.taipeitimes.com,https://www.google.com/search?q=site:https://www.taipeitimes.com+Israel,
Tass,Russia,https://tass.com,https://www.google.com/search?q=site:https://tass.com+Israel,
Tehran Times,Iran,https://www.tehrantimes.com,https://www.google.com/search?q=site:https://www.tehrantimes.com+Israel,
The Asahi Shimbun,Japan,https://www.asahi.com,https://www.google.com/search?q=site:https://www.asahi.com+Israel,
The Australian,Australia,https://www.theaustralian.com.au,https://www.google.com/search?q=site:https://www.theaustralian.com.au+Israel,
The Baltic Times,Latvia,https://www.baltictimes.com,https://www.google.com/search?q=site:https://www.baltictimes.com+Israel,
The Business Times,Singapore,https://www.businesstimes.com.sg,https://www.google.com/search?q=site:https://www.businesstimes.com.sg+Israel,
The Cambodia Daily,Cambodia,https://www.cambodiadaily.com,https://www.google.com/search?q=site:https://www.cambodiadaily.com+Israel,
The Caribbean Camera,Caribbean,https://www.thecaribbeancamera.com,https://www.google.com/search?q=site:https://www.thecaribbeancamera.com+Israel,
The Citizen,South Africa,https://www.citizen.co.za,https://www.google.com/search?q=site:https://www.citizen.co.za+Israel,
The Citizen,Tanzania,https://www.thecitizen.co.tz,https://www.google.com/search?q=site:https://www.thecitizen.co.tz+Israel,
The Daily Telegraph,UK,https://www.telegraph.co.uk,https://www.google.com/search?q=site:https://www.telegraph.co.uk+Israel,
The Economic Times,India,https://www.economictimes.indiatimes.com,https://www.google.com/search?q=site:https://www.economictimes.indiatimes.com+Israel,
The Express Tribune,Pakistan,https://tribune.com.pk,https://www.google.com/search?q=site:https://tribune.com.pk+Israel,
The Guardian,UK,https://www.theguardian.com,https://www.google.com/search?q=site:https://www.theguardian.com+Israel,
The Herald,Zimbabwe,https://www.herald.co.zw,https://www.google.com/search?q=site:https://www.herald.co.zw+Israel,
The Hindu,India,https://www.thehindu.com,https://www.google.com/search?q=site:https://www.thehindu.com+Israel,
The Independent,UK,https://www.independent.co.uk,https://www.google.com/search?q=site:https://www.independent.co.uk+Israel,
The Irish Times,Ireland,https://www.irishtimes.com,https://www.google.com/search?q=site:https://www.irishtimes.com+Israel,
The Jakarta Post,Indonesia,https://www.thejakartapost.com,https://www.google.com/search?q=site:https://www.thejakartapost.com+Israel,
The Jerusalem Post,Israel,https://www.jpost.com,https://www.google.com/search?q=site:https://www.jpost.com+Israel,
The Korea Herald,South Korea,https://www.koreaherald.com,https://www.google.com/search?q=site:https://www.koreaherald.com+Israel,
The Manila Times,Philippines,https://www.manilatimes.net,https://www.google.com/search?q=site:https://www.manilatimes.net+Israel,
The Moscow Times,Russia,https://www.themoscowtimes.com,https://www.google.com/search?q=site:https://www.themoscowtimes.com+Israel,
The Nation,Kenya,https://www.nation.co.ke,https://www.google.com/search?q=site:https://www.nation.co.ke+Israel,
The National,UAE,https://www.thenationalnews.com,https://www.google.com/search?q=site:https://www.thenationalnews.com+Israel,
The New Indian Express,India,https://www.newindianexpress.com,https://www.google.com/search?q=site:https://www.newindianexpress.com+Israel,
The New York Times,USA,https://www.nytimes.com,https://www.google.com/search?q=site:https://www.nytimes.com+Israel,
The Standard,Kenya,https://www.standardmedia.co.ke,https://www.google.com/search?q=site:https://www.standardmedia.co.ke+Israel,
The Straits Times,Singapore,https://www.straitstimes.com,https://www.google.com/search?q=site:https://www.straitstimes.com+Israel,
The Sydney Morning Herald,Australia,https://www.smh.com.au,https://www.google.com/search?q=site:https://www.smh.com.au+Israel,
The Times of India,India,https://timesofindia.indiatimes.com,https://www.google.com/search?q=site:https://timesofindia.indiatimes.com+Israel,
The Times of Israel,Israel,https://www.timesofisrael.com,https://www.google.com/search?q=site:https://www.timesofisrael.com+Israel,
The Times,UK,https://www.thetimes.co.uk,https://www.google.com/search?q=site:https://www.thetimes.co.uk+Israel,
The Tribune,India,https://www.tribuneindia.com,https://www.google.com/search?q=site:https://www.tribuneindia.com+Israel,
The Wall Street Journal,USA,https://www.wsj.com,https://www.google.com/search?q=site:https://www.wsj.com+Israel,
The Washington Post,USA,https://www.washingtonpost.com,https://www.google.com/search?q=site:https://www.washingtonpost.com+Israel,
Times of India,India,https://www.timesofindia.indiatimes.com,https://www.google.com/search?q=site:https://www.timesofindia.indiatimes.com+Israel,
TimesLIVE,South Africa,https://www.timeslive.co.za,https://www.google.com/search?q=site:https://www.timeslive.co.za+Israel,
Toronto Star,Canada,https://www.thestar.com,https://www.google.com/search?q=site:https://www.thestar.com+Israel,
Trouw,Netherlands,https://www.trouw.nl,https://www.google.com/search?q=site:https://www.trouw.nl+Israel,
TRT World,Turkey,https://www.trtworld.com,https://www.google.com/search?q=site:https://www.trtworld.com+Israel,
USA Today,USA,https://www.usatoday.com,https://www.google.com/search?q=site:https://www.usatoday.com+Israel,
Vanguard,Nigeria,https://www.vanguardngr.com,https://www.google.com/search?q=site:https://www.vanguardngr.com+Israel,
Vietnam News,Vietnam,https://vietnamnews.vn,https://www.google.com/search?q=site:https://vietnamnews.vn+Israel,
Volkskrant,Netherlands,https://www.volkskrant.nl,https://www.google.com/search?q=site:https://www.volkskrant.nl+Israel,
Washington Post,USA,https://www.washingtonpost.com,https://www.google.com/search?q=site:https://www.washingtonpost.com+Israel,
Xinhua News Agency,China,https://www.xinhuanet.com,https://www.google.com/search?q=site:https://www.xinhuanet.com+Israel,
Xinhua News,China,https://www.xinhuanet.com,https://www.google.com/search?q=site:https://www.xinhuanet.com+Israel,
Ynet,Israel,https://www.ynetnews.com,https://www.google.com/search?q=site:https://www.ynetnews.com+Israel,
Ynetnews,Israel,https://www.ynetnews.com,https://www.google.com/search?q=site:https://www.ynetnews.com+Israel,
Zee News,India,https://zeenews.india.com,https://www.google.com/search?q=site:https://zeenews.india.com+Israel,
